concept_id,en,zh,region
animal,animal,动物,living
mammal,mammal,哺乳动物,living
dog,dog,狗,living
wolf,wolf,狼,living
cat,cat,猫,living
bird,bird,鸟,living
fish,fish,鱼,living
whale,whale,鲸,living
dolphin,dolphin,海豚,living
horse,horse,马,living
elephant,elephant,大象,living
mouse,mouse,老鼠,living
cheetah,cheetah,猎豹,living
turtle,turtle,海龟,living
plant,plant,植物,living
tree,tree,树,living
flower,flower,花,living
leaf,leaf,叶子,living
branch,branch,树枝,living
petal,petal,花瓣,living
forest,forest,森林,nature
water,water,水,nature
ocean,ocean,海洋,nature
sea,sea,海,nature
river,river,河流,nature
stream,stream,溪流,nature
mountain,mountain,山,nature
sky,sky,天空,nature
rain,rain,雨,nature
snow,snow,雪,nature
ice,ice,冰,nature
fire,fire,火,physical
smoke,smoke,烟,physical
heat,heat,热量,physical
cold,cold,寒冷,physical
hot,hot,热的,property
wet,wet,湿的,property
bright,bright,明亮的,property
dark,dark,黑暗的,property
light,light,光,physical
darkness,darkness,黑暗,abstract
sun,sun,太阳,physical
moon,moon,月亮,physical
star,star,恒星,physical
planet,planet,行星,physical
earth,Earth,地球,physical
energy,energy,能量,physical
matter,matter,物质,physical
gravity,gravity,重力,physical
object,object,物体,artifact
device,device,设备,artifact
machine,machine,机器,artifact
vehicle,vehicle,交通工具,artifact
car,car,汽车,artifact
bicycle,bicycle,自行车,artifact
boat,boat,船,artifact
wheel,wheel,车轮,artifact
engine,engine,发动机,artifact
house,house,房子,artifact
room,room,房间,artifact
door,door,门,artifact
window,window,窗户,artifact
chair,chair,椅子,artifact
table,table,桌子,artifact
bed,bed,床,artifact
knife,knife,刀,artifact
hammer,hammer,锤子,artifact
bridge,bridge,桥,artifact
road,road,道路,place
computer,computer,计算机,artifact
phone,phone,手机,artifact
camera,camera,相机,artifact
book,book,书,artifact
page,page,书页,artifact
pen,pen,笔,artifact
key,key,钥匙,artifact
lock,lock,锁,artifact
cup,cup,杯子,artifact
bottle,bottle,瓶子,artifact
stove,stove,炉子,artifact
hand,hand,手,body
finger,finger,手指,body
body,body,身体,body
wing,wing,翅膀,body
person,person,人,social
child,child,儿童,social
adult,adult,成年人,social
mother,mother,母亲,social
father,father,父亲,social
family,family,家庭,social
friend,friend,朋友,social
teacher,teacher,教师,social
student,student,学生,social
doctor,doctor,医生,social
patient,patient,病人,social
place,place,地方,abstract
city,city,城市,social
town,town,城镇,social
country,country,国家,social
government,government,政府,social
law,law,法律,abstract_social
justice,justice,正义,abstract_social
freedom,freedom,自由,abstract_social
democracy,democracy,民主,abstract_social
war,war,战争,event
peace,peace,和平,abstract_social
conflict,conflict,冲突,event
money,money,钱,social
market,market,市场,social
school,school,学校,place
hospital,hospital,医院,place
library,library,图书馆,place
bank,bank,银行,place
eat,eat,吃,action
drink,drink,喝,action
sleep,sleep,睡觉,action
wake,wake,醒来,action
run,run,跑,action
walk,walk,走路,action
cut,cut,切,action
cook,cook,烹饪,action
write,write,写,action
read,read,阅读,action
learn,learn,学习,action
teach,teach,教,action
study,study,研究,action
buy,buy,购买,action
sell,sell,出售,action
open,open,打开,action
close,close,关闭,action
fall,fall,落下,event
break,break,打破,action
repair,repair,修理,action
exercise,exercise,锻炼,action
sweat,sweat,出汗,event
travel,travel,旅行,action
cross,cross,穿过,action
sit,sit,坐,action
communicate,communicate,交流,action
record,record,记录,action
injury,injury,受伤,event
rest,rest,休息,action
love,love,爱,emotion
hate,hate,恨,emotion
joy,joy,快乐,emotion
sadness,sadness,悲伤,emotion
fear,fear,恐惧,emotion
anger,anger,愤怒,emotion
anxiety,anxiety,焦虑,emotion
rage,rage,暴怒,emotion
affection,affection,喜爱,emotion
belief,belief,信念,mind
memory,memory,记忆,mind
attention,attention,注意,mind
desire,desire,欲望,mind
knowledge,knowledge,知识,mind
idea,idea,想法,mind
language,language,语言,communication
word,word,词,communication
story,story,故事,communication
music,music,音乐,communication
number,number,数字,math
time,time,时间,abstract
cause,cause,原因,abstract
effect,effect,结果,abstract
truth,truth,真理,abstract
falsehood,falsehood,谬误,abstract
good,good,善,abstract
bad,bad,恶,abstract
big,big,大的,property
small,small,小的,property
fast,fast,快的,property
slow,slow,慢的,property
high,high,高的,property
tool,tool,工具,artifact
furniture,furniture,家具,artifact
building,building,建筑,artifact
clothing,clothing,衣服,artifact
instrument,instrument,乐器,artifact
shirt,shirt,衬衫,artifact
shoe,shoe,鞋,artifact
guitar,guitar,吉他,artifact
roof,roof,屋顶,artifact
keyboard,keyboard,键盘,artifact
liquid,liquid,液体,physical
metal,metal,金属,physical
iron,iron,铁,physical
thunder,thunder,雷,nature
insect,insect,昆虫,living
reptile,reptile,爬行动物,living
fruit,fruit,水果,living
bee,bee,蜜蜂,living
snake,snake,蛇,living
apple,apple,苹果,living
root,root,根,living
feather,feather,羽毛,living
emotion,emotion,情感,emotion
profession,profession,职业,social
nurse,nurse,护士,social
soldier,soldier,士兵,social
heart,heart,心脏,body
bone,bone,骨头,body
leg,leg,腿,body
kitchen,kitchen,厨房,place
park,park,公园,place
factory,factory,工厂,place
pain,pain,疼痛,event
soft,soft,软,property
hard,hard,硬,property
loud,loud,响亮,property
sweet,sweet,甜,property
deep,deep,深,property
