source,target,relation,source_dataset
hot,cold,Antonym,curated_pilot_v2
big,small,Antonym,curated_pilot_v2
fast,slow,Antonym,curated_pilot_v2
bright,dark,Antonym,curated_pilot_v2
good,bad,Antonym,curated_pilot_v2
truth,falsehood,Antonym,curated_pilot_v2
love,hate,Antonym,curated_pilot_v2
war,peace,Antonym,curated_pilot_v2
open,close,Antonym,curated_pilot_v2
buy,sell,Antonym,curated_pilot_v2
wake,sleep,Antonym,curated_pilot_v2
adult,child,Antonym,curated_pilot_v2
hard,soft,Antonym,curated_pilot_v2
joy,sadness,Antonym,curated_pilot_v2
justice,law,Associated,curated_pilot_v2
democracy,freedom,Associated,curated_pilot_v2
money,market,Associated,curated_pilot_v2
school,teacher,Associated,curated_pilot_v2
hospital,doctor,Associated,curated_pilot_v2
ocean,boat,Associated,curated_pilot_v2
music,guitar,Associated,curated_pilot_v2
war,soldier,Associated,curated_pilot_v2
story,book,Associated,curated_pilot_v2
fire,heat,Associated,curated_pilot_v2
moon,sky,Associated,curated_pilot_v2
family,house,Associated,curated_pilot_v2
student,study,Associated,curated_pilot_v2
travel,road,Associated,curated_pilot_v2
language,word,Associated,curated_pilot_v2
fish,ocean,AtLocation,curated_pilot_v2
book,library,AtLocation,curated_pilot_v2
student,school,AtLocation,curated_pilot_v2
patient,hospital,AtLocation,curated_pilot_v2
tree,forest,AtLocation,curated_pilot_v2
stove,kitchen,AtLocation,curated_pilot_v2
car,road,AtLocation,curated_pilot_v2
money,bank,AtLocation,curated_pilot_v2
star,sky,AtLocation,curated_pilot_v2
bed,room,AtLocation,curated_pilot_v2
flower,park,AtLocation,curated_pilot_v2
boat,river,AtLocation,curated_pilot_v2
snow,mountain,AtLocation,curated_pilot_v2
machine,factory,AtLocation,curated_pilot_v2
fire,smoke,Causes,curated_pilot_v2
exercise,sweat,Causes,curated_pilot_v2
gravity,fall,Causes,curated_pilot_v2
rain,wet,Causes,curated_pilot_v2
study,knowledge,Causes,curated_pilot_v2
sun,light,Causes,curated_pilot_v2
war,injury,Causes,curated_pilot_v2
cold,ice,Causes,curated_pilot_v2
fear,anxiety,Causes,curated_pilot_v2
sleep,rest,Causes,curated_pilot_v2
eat,energy,Causes,curated_pilot_v2
teach,learn,Causes,curated_pilot_v2
heat,fire,Causes,curated_pilot_v2
injury,pain,Causes,curated_pilot_v2
car,engine,HasA,curated_pilot_v2
bicycle,wheel,HasA,curated_pilot_v2
house,door,HasA,curated_pilot_v2
bird,wing,HasA,curated_pilot_v2
tree,branch,HasA,curated_pilot_v2
book,page,HasA,curated_pilot_v2
hand,finger,HasA,curated_pilot_v2
body,heart,HasA,curated_pilot_v2
computer,keyboard,HasA,curated_pilot_v2
flower,petal,HasA,curated_pilot_v2
room,window,HasA,curated_pilot_v2
family,child,HasA,curated_pilot_v2
plant,root,HasA,curated_pilot_v2
city,market,HasA,curated_pilot_v2
sun,hot,HasProperty,curated_pilot_v2
ice,cold,HasProperty,curated_pilot_v2
star,bright,HasProperty,curated_pilot_v2
ocean,deep,HasProperty,curated_pilot_v2
cheetah,fast,HasProperty,curated_pilot_v2
turtle,slow,HasProperty,curated_pilot_v2
elephant,big,HasProperty,curated_pilot_v2
mouse,small,HasProperty,curated_pilot_v2
mountain,high,HasProperty,curated_pilot_v2
water,wet,HasProperty,curated_pilot_v2
iron,hard,HasProperty,curated_pilot_v2
feather,soft,HasProperty,curated_pilot_v2
apple,sweet,HasProperty,curated_pilot_v2
thunder,loud,HasProperty,curated_pilot_v2
dog,mammal,IsA,curated_pilot_v2
bird,animal,IsA,curated_pilot_v2
snake,reptile,IsA,curated_pilot_v2
bee,insect,IsA,curated_pilot_v2
tree,plant,IsA,curated_pilot_v2
apple,fruit,IsA,curated_pilot_v2
car,vehicle,IsA,curated_pilot_v2
computer,machine,IsA,curated_pilot_v2
hammer,tool,IsA,curated_pilot_v2
chair,furniture,IsA,curated_pilot_v2
house,building,IsA,curated_pilot_v2
guitar,instrument,IsA,curated_pilot_v2
shirt,clothing,IsA,curated_pilot_v2
sun,star,IsA,curated_pilot_v2
doctor,profession,IsA,curated_pilot_v2
joy,emotion,IsA,curated_pilot_v2
water,liquid,IsA,curated_pilot_v2
iron,metal,IsA,curated_pilot_v2
wheel,car,PartOf,curated_pilot_v2
branch,tree,PartOf,curated_pilot_v2
root,plant,PartOf,curated_pilot_v2
finger,hand,PartOf,curated_pilot_v2
page,book,PartOf,curated_pilot_v2
roof,house,PartOf,curated_pilot_v2
keyboard,computer,PartOf,curated_pilot_v2
engine,machine,PartOf,curated_pilot_v2
heart,body,PartOf,curated_pilot_v2
wing,bird,PartOf,curated_pilot_v2
window,room,PartOf,curated_pilot_v2
door,building,PartOf,curated_pilot_v2
bone,leg,PartOf,curated_pilot_v2
road,city,PartOf,curated_pilot_v2
dog,wolf,SimilarTo,curated_pilot_v2
whale,dolphin,SimilarTo,curated_pilot_v2
city,town,SimilarTo,curated_pilot_v2
anger,rage,SimilarTo,curated_pilot_v2
affection,love,SimilarTo,curated_pilot_v2
sea,ocean,SimilarTo,curated_pilot_v2
river,stream,SimilarTo,curated_pilot_v2
cup,bottle,SimilarTo,curated_pilot_v2
father,mother,SimilarTo,curated_pilot_v2
doctor,nurse,SimilarTo,curated_pilot_v2
idea,belief,SimilarTo,curated_pilot_v2
phone,computer,SimilarTo,curated_pilot_v2
snow,ice,SimilarTo,curated_pilot_v2
memory,knowledge,SimilarTo,curated_pilot_v2
knife,cut,UsedFor,curated_pilot_v2
car,travel,UsedFor,curated_pilot_v2
pen,write,UsedFor,curated_pilot_v2
book,read,UsedFor,curated_pilot_v2
bed,sleep,UsedFor,curated_pilot_v2
stove,cook,UsedFor,curated_pilot_v2
hammer,repair,UsedFor,curated_pilot_v2
chair,sit,UsedFor,curated_pilot_v2
phone,communicate,UsedFor,curated_pilot_v2
cup,drink,UsedFor,curated_pilot_v2
key,open,UsedFor,curated_pilot_v2
school,learn,UsedFor,curated_pilot_v2
money,buy,UsedFor,curated_pilot_v2
shoe,walk,UsedFor,curated_pilot_v2
