concept_id,en,zh,region,split,x,y,global_stability,model_stability,language_stability
animal,animal,动物,living,selection,0.34256145,-0.17031118,0.4676435,0.48351648351648346,0.5384615384615384
mammal,mammal,哺乳动物,living,selection,0.21509676,-0.013598513,0.27711642,0.38095238095238093,0.2698412698412698
dog,dog,狗,living,selection,0.33064273,0.16180377,0.42307696,0.6025641025641025,0.3333333333333333
wolf,wolf,狼,living,evaluation,0.13610694,0.4312771,0.29971093,0.4358974358974359,0.25
cat,cat,猫,living,selection,0.33466145,0.22724518,0.36111113,0.5,0.29166666666666663
bird,bird,鸟,living,evaluation,0.37752467,0.28148723,0.3968254,0.42857142857142855,0.38095238095238093
fish,fish,鱼,living,selection,0.2710247,0.3635213,0.3853785,0.38095238095238093,0.4358974358974359
whale,whale,鲸,living,evaluation,0.114375316,0.34362417,0.26135853,0.19298245614035087,0.29554655870445345
dolphin,dolphin,海豚,living,evaluation,0.25682065,0.277472,0.3483415,0.48351648351648346,0.2698412698412698
horse,horse,马,living,selection,0.25083593,0.1871552,0.10136452,0.2222222222222222,0.02631578947368421
elephant,elephant,大象,living,selection,0.21575905,0.15343371,0.22848587,0.25,0.2222222222222222
mouse,mouse,老鼠,living,selection,0.24224311,0.1350924,0.30332902,0.48351648351648346,0.21323529411764708
cheetah,cheetah,猎豹,living,selection,0.038760986,0.28521302,0.36285284,0.42857142857142855,0.3574660633484163
turtle,turtle,海龟,living,selection,0.30829582,0.3418005,0.17707258,0.2549019607843137,0.125
plant,plant,植物,living,selection,0.40395218,-0.12178915,0.29904956,0.3025210084033613,0.2698412698412698
tree,tree,树,living,evaluation,0.40731052,0.14830835,0.45924914,0.4358974358974359,0.48351648351648346
flower,flower,花,living,selection,0.1482135,0.21669064,0.2936508,0.38095238095238093,0.25
leaf,leaf,叶子,living,evaluation,0.22661653,0.29300877,0.36950552,0.4358974358974359,0.3392857142857143
branch,branch,树枝,living,selection,0.27063423,0.02627658,0.26486152,0.42857142857142855,0.2222222222222222
petal,petal,花瓣,living,evaluation,0.1612979,0.23109683,0.19457959,0.38095238095238093,0.08823529411764706
forest,forest,森林,nature,selection,0.34569868,0.12202051,0.3889966,0.42857142857142855,0.38095238095238093
water,water,水,nature,selection,0.04193684,0.27507335,0.44588745,0.6233766233766234,0.38095238095238093
ocean,ocean,海洋,nature,selection,0.1712785,0.12599082,0.44337606,0.6025641025641025,0.3942307692307692
sea,sea,海,nature,evaluation,0.098596744,0.35206357,0.3531746,0.42857142857142855,0.29166666666666663
river,river,河流,nature,selection,0.3182778,0.17448969,0.38060224,0.4215686274509804,0.3392857142857143
stream,stream,溪流,nature,evaluation,0.14137605,0.20573366,0.19437611,0.3574660633484163,0.1111111111111111
mountain,mountain,山,nature,selection,0.27186757,0.2441594,0.34534585,0.48351648351648346,0.3025210084033613
sky,sky,天空,nature,selection,0.08158924,0.31422377,0.3274887,0.3942307692307692,0.2549019607843137
rain,rain,雨,nature,evaluation,-0.11987183,0.42098594,0.36671332,0.5476190476190476,0.3025210084033613
snow,snow,雪,nature,selection,-0.035213053,0.5163144,0.40567768,0.48351648351648346,0.3942307692307692
ice,ice,冰,nature,evaluation,-0.0055503813,0.5002959,0.64918417,0.7424242424242424,0.6025641025641025
fire,fire,火,physical,selection,-0.13967934,0.39069647,0.41956654,0.48351648351648346,0.38095238095238093
smoke,smoke,烟,physical,selection,-0.06919651,0.38748184,0.2655229,0.29166666666666663,0.2549019607843137
heat,heat,热量,physical,selection,-0.33830652,0.18599355,0.44588745,0.6233766233766234,0.38095238095238093
cold,cold,寒冷,physical,evaluation,-0.3221934,0.34204638,0.34778786,0.5384615384615384,0.29166666666666663
hot,hot,热的,property,selection,-0.38048214,0.2608983,0.5911866,0.6783216783216783,0.5476190476190476
wet,wet,湿的,property,selection,-0.25753474,0.3920764,0.45031357,0.6783216783216783,0.3333333333333333
bright,bright,明亮的,property,evaluation,-0.3821721,0.1302019,0.48556998,0.7424242424242424,0.38095238095238093
dark,dark,黑暗的,property,selection,-0.376224,0.26358122,0.4623016,0.6666666666666666,0.3392857142857143
light,light,光,physical,evaluation,-0.21806519,0.22883688,0.15656789,0.3025210084033613,0.05263157894736842
darkness,darkness,黑暗,abstract,selection,-0.38356847,0.23049188,0.34778786,0.5384615384615384,0.2549019607843137
sun,sun,太阳,physical,selection,0.07139911,0.2776618,0.3274887,0.4358974358974359,0.2549019607843137
moon,moon,月亮,physical,selection,0.16602618,0.33361143,0.30134493,0.3574660633484163,0.2549019607843137
star,star,恒星,physical,selection,0.09409289,0.17486924,0.23148149,0.29166666666666663,0.2222222222222222
planet,planet,行星,physical,evaluation,0.2667269,-0.026740678,0.24488305,0.29166666666666663,0.25
earth,Earth,地球,physical,evaluation,0.12243356,-0.0039312392,0.28139588,0.3392857142857143,0.29166666666666663
energy,energy,能量,physical,selection,-0.20385544,-0.10397806,0.30882356,0.5,0.21323529411764708
matter,matter,物质,physical,selection,-0.14595667,-0.29065475,0.29793033,0.4583333333333333,0.2222222222222222
gravity,gravity,重力,physical,selection,-0.28199363,0.1549545,0.16269638,0.29166666666666663,0.11455108359133127
object,object,物体,artifact,evaluation,0.20497717,-0.23622479,0.21984905,0.3392857142857143,0.1437908496732026
device,device,设备,artifact,evaluation,0.26714686,-0.45011044,0.4385998,0.4583333333333333,0.5
machine,machine,机器,artifact,selection,0.3164827,-0.23872218,0.3853785,0.48351648351648346,0.3333333333333333
vehicle,vehicle,交通工具,artifact,selection,0.35197473,-0.33875647,0.40975368,0.5384615384615384,0.3574660633484163
car,car,汽车,artifact,evaluation,0.4534923,-0.13053364,0.30882356,0.4215686274509804,0.25
bicycle,bicycle,自行车,artifact,selection,0.3544279,-0.024605999,0.16269635,0.2549019607843137,0.1513157894736842
boat,boat,船,artifact,evaluation,0.51822644,0.12528811,0.24366803,0.4358974358974359,0.1437908496732026
wheel,wheel,车轮,artifact,evaluation,0.41874242,0.17100522,0.253268,0.3333333333333333,0.21323529411764708
engine,engine,发动机,artifact,selection,0.23289666,-0.14112678,0.31585082,0.4090909090909091,0.2692307692307692
house,house,房子,artifact,evaluation,0.36253983,-0.24352418,0.32306257,0.38095238095238093,0.2549019607843137
room,room,房间,artifact,selection,0.29392874,-0.26509765,0.3294728,0.48351648351648346,0.25
door,door,门,artifact,selection,0.28675005,0.060003567,0.3013449,0.4358974358974359,0.2549019607843137
window,window,窗户,artifact,evaluation,0.32111275,0.067777745,0.287456,0.4358974358974359,0.21323529411764708
chair,chair,椅子,artifact,selection,0.3860729,0.0071236026,0.28302988,0.3392857142857143,0.3333333333333333
table,table,桌子,artifact,selection,0.3769168,-0.06454486,0.22420634,0.2222222222222222,0.18055555555555555
bed,bed,床,artifact,selection,0.23717277,0.14885063,0.35119048,0.42857142857142855,0.3333333333333333
knife,knife,刀,artifact,evaluation,0.19376236,0.288063,0.166939,0.1437908496732026,0.21323529411764708
hammer,hammer,锤子,artifact,selection,0.12548523,0.29544166,0.12663399,0.18055555555555555,0.1437908496732026
bridge,bridge,桥,artifact,evaluation,0.233448,0.15187512,0.24961096,0.42857142857142855,0.1437908496732026
road,road,道路,place,evaluation,0.21650818,-0.15829274,0.41712454,0.48351648351648346,0.3392857142857143
computer,computer,计算机,artifact,selection,0.27668366,-0.3331565,0.33531746,0.38095238095238093,0.3333333333333333
phone,phone,手机,artifact,selection,0.32665798,-0.19202198,0.3548086,0.3333333333333333,0.42857142857142855
camera,camera,相机,artifact,selection,0.27985105,-0.19458823,0.3636609,0.3942307692307692,0.3942307692307692
book,book,书,artifact,selection,0.23319322,-0.1630232,0.3853785,0.3942307692307692,0.38095238095238093
page,page,书页,artifact,evaluation,0.21810399,-0.2050741,0.2989029,0.42857142857142855,0.21323529411764708
pen,pen,笔,artifact,selection,0.15232767,0.12122757,0.17856938,0.3392857142857143,0.11455108359133127
key,key,钥匙,artifact,evaluation,-0.058356907,-0.0030873248,0.19806258,0.3392857142857143,0.1111111111111111
lock,lock,锁,artifact,evaluation,-0.121303275,0.24549548,0.2037037,0.25,0.18055555555555555
cup,cup,杯子,artifact,evaluation,0.33961707,0.1590508,0.269141,0.3392857142857143,0.2549019607843137
bottle,bottle,瓶子,artifact,selection,0.43095556,0.11324625,0.23509961,0.3025210084033613,0.2222222222222222
stove,stove,炉子,artifact,selection,0.33539426,0.21843922,0.24435885,0.3392857142857143,0.25
hand,hand,手,body,evaluation,0.1043361,0.12123078,0.2777778,0.3333333333333333,0.25
finger,finger,手指,body,selection,0.21796595,0.1632156,0.31196582,0.4358974358974359,0.25
body,body,身体,body,selection,0.13035314,-0.20337705,0.25490198,0.2549019607843137,0.2549019607843137
wing,wing,翅膀,body,evaluation,0.25244468,0.3036528,0.40125155,0.42857142857142855,0.3942307692307692
person,person,人,social,selection,0.13393731,-0.26302812,0.33858547,0.5476190476190476,0.2549019607843137
child,child,儿童,social,selection,0.19880775,-0.20422493,0.5842491,0.6666666666666666,0.5384615384615384
adult,adult,成年人,social,selection,-0.012161721,-0.21934481,0.5628816,0.6025641025641025,0.5476190476190476
mother,mother,母亲,social,evaluation,0.04160846,-0.13871834,0.6452992,0.6666666666666666,0.6666666666666666
father,father,父亲,social,selection,0.02678815,-0.17425016,0.5445666,0.6025641025641025,0.5476190476190476
family,family,家庭,social,selection,0.10827103,-0.36921895,0.5018315,0.5384615384615384,0.48351648351648346
friend,friend,朋友,social,selection,-0.036791306,-0.328465,0.54112554,0.6233766233766234,0.5
teacher,teacher,教师,social,evaluation,0.17604244,-0.4448791,0.70473975,0.9090909090909092,0.6025641025641025
student,student,学生,social,evaluation,0.17621928,-0.40998664,0.5415141,0.6025641025641025,0.5384615384615384
doctor,doctor,医生,social,selection,0.1090341,-0.37665874,0.64918417,0.6666666666666666,0.6025641025641025
patient,patient,病人,social,evaluation,0.037685648,-0.35159546,0.5881341,0.6233766233766234,0.5384615384615384
place,place,地方,abstract,evaluation,-0.02524942,-0.35445514,0.287456,0.4358974358974359,0.21323529411764708
city,city,城市,social,selection,0.2246933,-0.31338447,0.48351648,0.5384615384615384,0.42857142857142855
town,town,城镇,social,selection,0.18647529,-0.15871231,0.454823,0.5,0.48351648351648346
country,country,国家,social,evaluation,0.12814462,-0.2988033,0.43345547,0.5384615384615384,0.38095238095238093
government,government,政府,social,selection,0.008164477,-0.45859498,0.60950166,0.6783216783216783,0.6025641025641025
law,law,法律,abstract_social,selection,-0.13209458,-0.32012898,0.3829365,0.42857142857142855,0.3392857142857143
justice,justice,正义,abstract_social,evaluation,-0.38522968,-0.1221005,0.4652015,0.48351648351648346,0.42857142857142855
freedom,freedom,自由,abstract_social,selection,-0.36092418,-0.062346004,0.36004272,0.3942307692307692,0.3942307692307692
democracy,democracy,民主,abstract_social,evaluation,-0.25181317,-0.2445489,0.4294872,0.5,0.3942307692307692
war,war,战争,event,evaluation,-0.22677,-0.036431793,0.32585472,0.3942307692307692,0.3333333333333333
peace,peace,和平,abstract_social,selection,-0.36839336,0.042580195,0.43345547,0.5384615384615384,0.38095238095238093
conflict,conflict,冲突,event,selection,-0.3623216,-0.00724469,0.40369353,0.4358974358974359,0.4358974358974359
money,money,钱,social,selection,-0.187047,-0.036563754,0.16631447,0.3025210084033613,0.08187134502923976
market,market,市场,social,evaluation,0.030721752,-0.33739278,0.40125152,0.4358974358974359,0.42857142857142855
school,school,学校,place,selection,0.18447448,-0.40429956,0.56981903,0.7424242424242424,0.48351648351648346
hospital,hospital,医院,place,selection,0.25172454,-0.36454645,0.5753136,0.6025641025641025,0.5757575757575758
library,library,图书馆,place,evaluation,0.2697842,-0.36429927,0.35119048,0.38095238095238093,0.38095238095238093
bank,bank,银行,place,evaluation,0.3040133,-0.20794563,0.3075397,0.38095238095238093,0.29166666666666663
eat,eat,吃,action,evaluation,-0.19213739,0.1214068,0.49839053,0.5757575757575758,0.48351648351648346
drink,drink,喝,action,selection,-0.12850945,0.08611267,0.30917367,0.38095238095238093,0.29166666666666663
sleep,sleep,睡觉,action,evaluation,-0.21286646,0.08172874,0.5415141,0.6025641025641025,0.5384615384615384
wake,wake,醒来,action,evaluation,-0.30894968,0.14118534,0.2473545,0.38095238095238093,0.18055555555555555
run,run,跑,action,evaluation,-0.16229255,0.09806091,0.3127918,0.42857142857142855,0.2549019607843137
walk,walk,走路,action,selection,-0.01486738,-0.012950982,0.31721792,0.4358974358974359,0.3025210084033613
cut,cut,切,action,evaluation,-0.22609282,0.2027477,0.23210399,0.3025210084033613,0.18055555555555555
cook,cook,烹饪,action,evaluation,-0.03603649,0.035889067,0.18348284,0.2692307692307692,0.08823529411764706
write,write,写,action,selection,-0.30078027,-0.14535,0.34796497,0.5757575757575758,0.2549019607843137
read,read,阅读,action,selection,-0.32921442,-0.22441871,0.43650794,0.5476190476190476,0.3333333333333333
learn,learn,学习,action,selection,-0.32317847,-0.33351132,0.50793654,0.6666666666666666,0.42857142857142855
teach,teach,教,action,selection,-0.24638528,-0.19280499,0.38636363,0.5757575757575758,0.29166666666666663
study,study,研究,action,selection,-0.24192685,-0.44230217,0.49145296,0.6025641025641025,0.4358974358974359
buy,buy,购买,action,selection,-0.17767036,-0.27379498,0.501443,0.7424242424242424,0.38095238095238093
sell,sell,出售,action,selection,-0.26164946,-0.1576764,0.2856754,0.5,0.17647058823529413
open,open,打开,action,evaluation,-0.27604172,-0.09969522,0.30332902,0.48351648351648346,0.21323529411764708
close,close,关闭,action,evaluation,-0.3567173,-0.09399024,0.20833129,0.42857142857142855,0.11455108359133127
fall,fall,落下,event,selection,-0.23344034,0.24171133,0.20220487,0.38095238095238093,0.1437908496732026
break,break,打破,action,selection,-0.34506255,0.11297542,0.24299718,0.3392857142857143,0.21323529411764708
repair,repair,修理,action,evaluation,-0.21998581,-0.20550154,0.40369356,0.3333333333333333,0.48351648351648346
exercise,exercise,锻炼,action,selection,-0.2228811,-0.23995402,0.20485036,0.25,0.25
sweat,sweat,出汗,event,selection,-0.24964607,0.3064371,0.23392145,0.4358974358974359,0.1513157894736842
travel,travel,旅行,action,selection,-0.063661754,-0.277594,0.29828045,0.3392857142857143,0.3333333333333333
cross,cross,穿过,action,selection,-0.16097976,0.13880982,0.36752138,0.6025641025641025,0.25
sit,sit,坐,action,selection,-0.09642814,0.11310169,0.40674603,0.5,0.38095238095238093
communicate,communicate,交流,action,selection,-0.33371803,-0.32248774,0.37510774,0.48351648351648346,0.3392857142857143
record,record,记录,action,evaluation,-0.11283193,-0.30256534,0.3479649,0.5757575757575758,0.2549019607843137
injury,injury,受伤,event,evaluation,-0.30994287,-0.114579014,0.2856754,0.4215686274509804,0.2222222222222222
rest,rest,休息,action,selection,-0.3369589,-0.07434178,0.22727084,0.3942307692307692,0.1111111111111111
love,love,爱,emotion,selection,-0.42678425,0.034636628,0.38304424,0.6025641025641025,0.2549019607843137
hate,hate,恨,emotion,evaluation,-0.52702653,0.13267635,0.6561217,0.6025641025641025,0.6233766233766234
joy,joy,快乐,emotion,selection,-0.4565769,0.04437754,0.41514042,0.48351648351648346,0.42857142857142855
sadness,sadness,悲伤,emotion,evaluation,-0.44668874,0.088940494,0.62148964,0.7692307692307692,0.5476190476190476
fear,fear,恐惧,emotion,selection,-0.4418898,0.08949489,0.5470086,0.5384615384615384,0.5
anger,anger,愤怒,emotion,selection,-0.43257204,0.14297695,0.5415141,0.5476190476190476,0.5384615384615384
anxiety,anxiety,焦虑,emotion,selection,-0.38261825,0.055201743,0.41956654,0.4358974358974359,0.42857142857142855
rage,rage,暴怒,emotion,evaluation,-0.43971944,0.28457615,0.4354396,0.5384615384615384,0.42857142857142855
affection,affection,喜爱,emotion,selection,-0.396342,-0.08919616,0.5301365,0.6233766233766234,0.48351648351648346
belief,belief,信念,mind,evaluation,-0.31752038,-0.206054,0.63086915,0.6666666666666666,0.6025641025641025
memory,memory,记忆,mind,selection,-0.26100624,-0.19350876,0.35561666,0.48351648351648346,0.29166666666666663
attention,attention,注意,mind,evaluation,-0.41678295,-0.2181441,0.21560644,0.38095238095238093,0.1513157894736842
desire,desire,欲望,mind,selection,-0.40677348,-0.12846415,0.43894994,0.48351648351648346,0.3333333333333333
knowledge,knowledge,知识,mind,selection,-0.31405628,-0.3808907,0.30252102,0.3025210084033613,0.3025210084033613
idea,idea,想法,mind,selection,-0.18641591,-0.36463174,0.41269842,0.42857142857142855,0.42857142857142855
language,language,语言,communication,selection,-0.056462906,-0.40425423,0.2655229,0.29166666666666663,0.21323529411764708
word,word,词,communication,evaluation,-0.035156906,-0.08604603,0.26715687,0.3333333333333333,0.21323529411764708
story,story,故事,communication,selection,-0.013106336,-0.3080901,0.4592491,0.5,0.48351648351648346
music,music,音乐,communication,evaluation,-0.02654984,-0.22230074,0.30332905,0.3942307692307692,0.3025210084033613
number,number,数字,math,evaluation,-0.08469046,-0.21548365,0.2643079,0.4358974358974359,0.21323529411764708
time,time,时间,abstract,selection,-0.27071697,-0.20658681,0.3531746,0.38095238095238093,0.3392857142857143
cause,cause,原因,abstract,evaluation,-0.3195803,-0.30083808,0.23011984,0.21323529411764708,0.2549019607843137
effect,effect,结果,abstract,selection,-0.32575104,-0.32212523,0.25703275,0.48351648351648346,0.1437908496732026
truth,truth,真理,abstract,evaluation,-0.44887865,-0.1100856,0.30753967,0.3392857142857143,0.29166666666666663
falsehood,falsehood,谬误,abstract,selection,-0.42676032,-0.050518602,0.17742275,0.19298245614035087,0.125
good,good,善,abstract,evaluation,-0.36369026,-0.05158544,0.28415963,0.6233766233766234,0.11455108359133127
bad,bad,恶,abstract,selection,-0.36345807,0.08734398,0.2727591,0.42857142857142855,0.17647058823529413
big,big,大的,property,selection,-0.22381154,-0.057404228,0.53807306,0.7424242424242424,0.4358974358974359
small,small,小的,property,evaluation,-0.13027246,-0.058423802,0.4147903,0.6025641025641025,0.3392857142857143
fast,fast,快的,property,evaluation,-0.3287918,0.06669304,0.4433761,0.6025641025641025,0.3942307692307692
slow,slow,慢的,property,selection,-0.4210136,0.12221632,0.41666666,0.6666666666666666,0.29166666666666663
high,high,高的,property,evaluation,-0.28657025,-0.016385341,0.51037854,0.6666666666666666,0.42857142857142855
tool,tool,工具,artifact,selection,0.20738901,-0.2790078,0.29691878,0.2549019607843137,0.3025210084033613
furniture,furniture,家具,artifact,selection,0.30520117,-0.22761638,0.3286648,0.38095238095238093,0.3025210084033613
building,building,建筑,artifact,selection,0.089776784,-0.3332096,0.11626288,0.2698412698412698,0.05263157894736842
clothing,clothing,衣服,artifact,evaluation,0.18151887,-0.18650235,0.29107413,0.48351648351648346,0.21323529411764708
instrument,instrument,乐器,artifact,evaluation,0.2494646,-0.22271338,0.34356523,0.4583333333333333,0.2698412698412698
shirt,shirt,衬衫,artifact,selection,0.2105225,0.12266923,0.40369353,0.4358974358974359,0.38095238095238093
shoe,shoe,鞋,artifact,evaluation,0.40729097,0.14772223,0.3853785,0.4358974358974359,0.38095238095238093
guitar,guitar,吉他,artifact,selection,0.24173687,0.09835922,0.25034812,0.24060150375939848,0.24060150375939848
roof,roof,屋顶,artifact,selection,0.3618234,0.14185563,0.33893558,0.38095238095238093,0.3025210084033613
keyboard,keyboard,键盘,artifact,selection,0.23536728,-0.06465539,0.42506108,0.4358974358974359,0.3392857142857143
liquid,liquid,液体,physical,evaluation,0.059851497,0.16149887,0.2752011,0.4358974358974359,0.21323529411764708
metal,metal,金属,physical,selection,0.15697813,0.11798577,0.22848584,0.29166666666666663,0.21323529411764708
iron,iron,铁,physical,evaluation,-0.018364439,0.37080893,0.2552521,0.3392857142857143,0.21323529411764708
thunder,thunder,雷,nature,evaluation,-0.17479615,0.41295063,0.28139588,0.38095238095238093,0.21323529411764708
insect,insect,昆虫,living,evaluation,0.28872845,0.13950491,0.44093406,0.4583333333333333,0.48351648351648346
reptile,reptile,爬行动物,living,selection,0.11603475,0.17423657,0.31196582,0.3333333333333333,0.3333333333333333
fruit,fruit,水果,living,selection,0.18137479,0.17064269,0.23033279,0.2698412698412698,0.18055555555555555
bee,bee,蜜蜂,living,evaluation,0.22527884,0.25149807,0.269141,0.38095238095238093,0.21323529411764708
snake,snake,蛇,living,selection,0.21731214,0.42373303,0.3833944,0.4358974358974359,0.38095238095238093
apple,apple,苹果,living,selection,0.24196246,0.08346986,0.126419,0.11455108359133127,0.17647058823529413
root,root,根,living,evaluation,-0.0070754536,0.11507142,0.2228447,0.38095238095238093,0.1437908496732026
feather,feather,羽毛,living,evaluation,0.12695627,0.40061823,0.24299721,0.3025210084033613,0.21323529411764708
emotion,emotion,情感,emotion,evaluation,-0.28608197,-0.13561445,0.4294872,0.4358974358974359,0.3942307692307692
profession,profession,职业,social,selection,-0.02974428,-0.42694712,0.18580766,0.3025210084033613,0.1437908496732026
nurse,nurse,护士,social,evaluation,0.18594363,-0.13068357,0.5384616,0.5384615384615384,0.5384615384615384
soldier,soldier,士兵,social,evaluation,0.2230066,-0.13210216,0.5842491,0.6666666666666666,0.5384615384615384
heart,heart,心脏,body,selection,0.01796201,0.13556081,0.31359982,0.3333333333333333,0.3574660633484163
bone,bone,骨头,body,selection,0.21421155,0.22286797,0.23952574,0.3942307692307692,0.1437908496732026
leg,leg,腿,body,evaluation,0.1915753,0.15252322,0.43345547,0.48351648351648346,0.4358974358974359
kitchen,kitchen,厨房,place,selection,0.3105465,-0.09410268,0.3878205,0.5384615384615384,0.3333333333333333
park,park,公园,place,selection,0.30665192,-0.12965554,0.37148964,0.38095238095238093,0.3942307692307692
factory,factory,工厂,place,selection,0.30869225,-0.27438658,0.34336174,0.48351648351648346,0.3333333333333333
pain,pain,疼痛,event,selection,-0.42484754,0.11211199,0.55982906,0.6025641025641025,0.5384615384615384
soft,soft,软,property,selection,-0.20491888,0.22611712,0.31558394,0.3942307692307692,0.3025210084033613
hard,hard,硬,property,selection,-0.31901217,0.1109912,0.3853785,0.4358974358974359,0.42857142857142855
loud,loud,响亮,property,evaluation,-0.42883816,0.17909718,0.25341466,0.3574660633484163,0.2222222222222222
sweet,sweet,甜,property,selection,-0.29579368,0.3816938,0.30882356,0.4215686274509804,0.29166666666666663
deep,deep,深,property,evaluation,-0.31705147,0.23505731,0.3020726,0.5,0.21323529411764708
