relation,n_pairs,system_pairs,heldout_anchor_count,matched_mean,matched_separation_null_mean,matched_effect_over_null,matched_z,matched_permutation_p,mismatched_mean,mismatched_separation_null_mean,coherence_effect_over_null,coherence_z,coherence_permutation_p,matched_minus_mismatched,pairing_null_matched_mean,min_system_pair_effect,max_system_pair_effect,system_pairs_with_positive_effect,matched_fdr_q,coherence_fdr_q
Antonym,14,6,85,0.5293478568394979,0.5367845242818196,-0.007436667442321632,-0.23642335731690658,0.6113886113886113,0.056464845004181065,4.9031351234210206e-05,0.05641581365294685,4.771870737822034,0.000999000999000999,0.47288301183531684,0.2972022735289162,0.37921756505966187,0.5732644349336624,6,0.981018981018981,0.0014271442842871413
Associated,15,6,85,0.6756959656874338,0.6146975037505229,0.06099846193691094,1.8946083305953496,0.01898101898101898,0.02456409220273296,3.586394516939123e-05,0.02452822825756357,1.8799300278807014,0.05094905094905095,0.6511318734847009,0.36775056137712875,0.5762318875640631,0.7415171964094043,6,0.0949050949050949,0.0636863136863137
AtLocation,14,6,85,0.5881095975637436,0.6212594301104546,-0.033149832546711,-0.9825964426859908,0.8331668331668332,0.1456733780602614,-7.014549322687464e-05,0.14574352355348827,9.526762067705503,0.000999000999000999,0.4424362195034822,0.36975177278369664,0.3486250191926956,0.5911212712526321,6,0.981018981018981,0.0014271442842871413
Causes,14,6,85,0.55899145702521,0.6311722568968932,-0.07218079987168313,-2.3232681854925303,0.981018981018981,-0.0071301379551490145,0.0003993830137822747,-0.007529520968931289,-0.4897229797345777,0.6493506493506493,0.5661215949803591,0.28413960840481806,0.45598801877349615,0.7281759791076183,6,0.981018981018981,0.6493506493506493
HasA,14,6,85,0.5747810254494349,0.6038993522673846,-0.02911832681794968,-0.8701728662293194,0.8121878121878122,0.11140921339392662,-0.0001367111617981512,0.11154592455572478,8.123405604251685,0.000999000999000999,0.46337181205550826,0.35312677059361397,0.342522993683815,0.6036055982112885,6,0.981018981018981,0.0014271442842871413
HasProperty,14,6,85,0.7598978877067566,0.6914905368536711,0.06840735085308547,2.332957654308584,0.004995004995004995,0.5324090917905172,-0.0003282970822876148,0.5327373888728049,28.36228392761314,0.000999000999000999,0.22748879591623938,0.6653876422047615,0.17348450422286987,0.32592514157295227,6,0.04995004995004995,0.0014271442842871413
IsA,18,6,85,0.5598793377478918,0.6060413148452838,-0.046161977097392004,-1.6070173006340154,0.939060939060939,0.1414843574166298,0.0001124535670030961,0.1413719038496267,13.136941759650615,0.000999000999000999,0.418394980331262,0.3597947102710604,0.3229328915476799,0.5205034986138344,6,0.981018981018981,0.0014271442842871413
PartOf,14,6,85,0.5835810601711273,0.6144426854252816,-0.030861625254154257,-0.9451160400465322,0.8211788211788211,0.13889499008655548,0.0002700500864250445,0.13862494000013043,9.481520225840795,0.000999000999000999,0.44468607008457184,0.36409950780491573,0.3263675421476364,0.6060565859079361,6,0.981018981018981,0.0014271442842871413
SimilarTo,14,6,85,0.5010670373837153,0.5501906964133183,-0.04912365902960303,-1.5428626308309312,0.9330669330669331,-0.002815765755561491,-2.8502611036477278e-05,-0.002787263144525014,-0.23966001857142238,0.5474525474525475,0.5038828031392768,0.24613489833919955,0.4092485865112394,0.6515906378626823,6,0.981018981018981,0.6082806082806083
UsedFor,14,6,85,0.7031047840913137,0.6687013939321041,0.03440339015920957,1.130631909179852,0.12487512487512488,0.4083392520745595,0.0011225283356237317,0.4072167237389358,22.769514040814933,0.000999000999000999,0.2947655320167542,0.5564369443158308,0.23096001148223877,0.4217579960823059,6,0.4162504162504163,0.0014271442842871413
