relation,system,n_pairs,target_reuse_ratio,heldout_anchor_signature_loo_consistency,global_null_mean,global_effect_over_null,global_permutation_p,region_matched_null_mean,region_matched_effect_over_null,region_matched_permutation_p,permuted_pairing_null_mean,permuted_pairing_effect_over_null,permuted_pairing_permutation_p,target_mrr,target_hit_at_1,target_hit_at_10,global_fdr_q,region_matched_fdr_q,permuted_pairing_fdr_q
Antonym,bloom_560m|en,14,1.0,0.2511611791061504,0.15011651523113637,0.10104466387501401,0.1928071928071928,0.010210793663337036,0.24095038544281333,0.025974025974025976,0.12642980259429326,0.12473137651185712,0.002997002997002997,0.10707445930427635,0.07142857142857142,0.14285714285714285,0.3856143856143856,0.06224544686083148,0.004610773841543072
Antonym,bloom_560m|zh,14,1.0,0.08385819329747132,0.22159590040993668,-0.13773770711246536,0.9280719280719281,-0.08144930596282836,0.1653074992602997,0.022977022977022976,-0.18305134764775222,0.26690954094522357,0.000999000999000999,0.1385135106145558,0.07142857142857142,0.21428571428571427,0.999000999000999,0.06224544686083148,0.0015773699984226299
Antonym,qwen25_05b|en,14,1.0,0.18344155033784254,0.20134225454483567,-0.017900704206993134,0.6253746253746254,0.10196907097996803,0.08147247935787451,0.21478521478521478,0.03845842217833021,0.14498312815951234,0.000999000999000999,0.041062289317292215,0.0,0.07142857142857142,0.8933923219637505,0.32217782217782215,0.0015773699984226299
Antonym,qwen25_05b|zh,14,1.0,0.05908780925840672,0.22847678846642475,-0.16938897920801804,0.9470529470529471,-0.08485201840671781,0.14393982766512453,0.026973026973026972,-0.20097257424227205,0.2600603835006788,0.000999000999000999,0.13579705076590823,0.07142857142857142,0.21428571428571427,0.999000999000999,0.06224544686083148,0.0015773699984226299
Antonym,xglm_564m|en,14,1.0,0.04943796032707074,0.3468279476497534,-0.2973899873226826,0.997002997002997,0.15974894295654304,-0.11031098262947231,0.9150849150849151,-0.21123196213529974,0.2606699224623705,0.000999000999000999,0.039720915772104425,0.0,0.14285714285714285,0.999000999000999,0.916083916083916,0.0015773699984226299
Antonym,xglm_564m|zh,14,1.0,0.06202270243582981,0.2755225488144837,-0.21349984637865388,0.991008991008991,-0.050109024698058925,0.11213172713388873,0.10789210789210789,-0.18237329165335459,0.2443959940891844,0.000999000999000999,0.07651252640632278,0.0,0.21428571428571427,0.999000999000999,0.17982017982017984,0.0015773699984226299
Associated,bloom_560m|en,15,1.0,0.16422151426474255,0.23164656994550878,-0.06742505568076623,0.7422577422577422,0.039082306807978175,0.12513920745676438,0.17682317682317683,0.08995457652087402,0.07426693774386853,0.005994005994005994,0.015821690145375936,0.0,0.0,0.999000999000999,0.2720356566510413,0.008173644537280901
Associated,bloom_560m|zh,15,1.0,0.05293663889169693,0.14857465953502613,-0.0956380206433292,0.8711288711288712,-0.0017856314052849482,0.05472227029698188,0.25874125874125875,-0.0413687948139157,0.09430543370561263,0.000999000999000999,0.009273035040076975,0.0,0.0,0.999000999000999,0.35282898919262556,0.0015773699984226299
Associated,qwen25_05b|en,15,1.0,0.06233573618034522,0.08447201208384092,-0.0221362759034957,0.6083916083916084,-0.056513193397672266,0.11884892957801749,0.06393606393606394,-0.015537043148642503,0.07787277932898773,0.003996003996003996,0.012662425418796353,0.0,0.0,0.89032918301211,0.11988011988011987,0.005708577137148565
Associated,qwen25_05b|zh,15,1.0,-0.03162251239021619,0.09980679605726957,-0.13142930844748577,0.9370629370629371,-0.04677018743186994,0.01514767504165375,0.3916083916083916,-0.11843316773776796,0.08681065534755178,0.000999000999000999,0.02071724844106957,0.0,0.06666666666666667,0.999000999000999,0.4699300699300699,0.0015773699984226299
Associated,xglm_564m|en,15,1.0,0.18910635809103649,0.14888382724813976,0.04022253084289673,0.3276723276723277,0.009314404777772234,0.17979195331326425,0.001998001998001998,0.0021955945332498227,0.18691076355778666,0.000999000999000999,0.03264709714886984,0.0,0.06666666666666667,0.5594405594405595,0.00666000666000666,0.0015773699984226299
Associated,xglm_564m|zh,15,1.0,-0.00215697946647803,0.14874009875168004,-0.15089707821815806,0.9440559440559441,-0.011259787693160661,0.009102808226682631,0.45254745254745254,-0.11256254548880364,0.11040556602232561,0.000999000999000999,0.011825982635313573,0.0,0.0,0.999000999000999,0.5324087677028854,0.0015773699984226299
AtLocation,bloom_560m|en,14,1.0,-0.1332670298745922,0.03032974419127965,-0.16359677406587186,0.8921078921078921,-0.14015580860464666,0.006888778730054446,0.3916083916083916,-0.1779582304955037,0.044691200620911475,0.08291708291708291,0.03531289861518472,0.0,0.14285714285714285,0.999000999000999,0.4699300699300699,0.10585159521329733
AtLocation,bloom_560m|zh,14,1.0,0.35784255766442846,0.1767322005653287,0.18111035709909976,0.01098901098901099,0.1270856183259917,0.23075693933843677,0.000999000999000999,0.2809364639064531,0.07690609375797536,0.000999000999000999,0.14636398859128646,0.07142857142857142,0.21428571428571427,0.03470213996529786,0.003996003996003996,0.0015773699984226299
AtLocation,qwen25_05b|en,14,1.0,0.05450456856799844,0.08342545815351098,-0.028920889585512533,0.5994005994005994,-0.05882697599031985,0.11333154455831829,0.04695304695304695,-0.09109342263668649,0.14559799120468492,0.000999000999000999,0.03536056053776508,0.0,0.07142857142857142,0.89032918301211,0.09087686507041345,0.0015773699984226299
AtLocation,qwen25_05b|zh,14,1.0,0.4445089005998203,0.18060243322401534,0.2639064673758049,0.000999000999000999,0.17370147684620668,0.2708074237536136,0.000999000999000999,0.2956236116205816,0.1488852889792387,0.000999000999000999,0.318479487774319,0.21428571428571427,0.42857142857142855,0.004281432852861424,0.003996003996003996,0.0015773699984226299
AtLocation,xglm_564m|en,14,1.0,0.2721683746869011,0.14045365585198516,0.13171471883491592,0.08291708291708291,0.06889819055033915,0.20327018413656195,0.000999000999000999,0.10219475096870198,0.1699736237181991,0.000999000999000999,0.23219899823243292,0.07142857142857142,0.5714285714285714,0.199000999000999,0.003996003996003996,0.0015773699984226299
AtLocation,xglm_564m|zh,14,1.0,0.35447705244379385,0.18742616211793522,0.16705089032585863,0.04095904095904096,0.12022935078765853,0.23424770165613532,0.000999000999000999,0.21283907572058314,0.1416379767232107,0.000999000999000999,0.17308722175418678,0.07142857142857142,0.42857142857142855,0.11702583131154559,0.003996003996003996,0.0015773699984226299
Causes,bloom_560m|en,14,1.0,0.037456324590103965,0.03757547312258069,-0.00011914853247672191,0.4865134865134865,-0.10692304298049957,0.14437936757060355,0.1018981018981019,-0.002839758576382467,0.04029608316648643,0.13486513486513488,0.03635987112470762,0.0,0.07142857142857142,0.7681791892318208,0.17468246039674612,0.16183816183816183
Causes,bloom_560m|zh,14,1.0,-0.17075245987091744,0.08799721436037174,-0.2587496742312892,0.997002997002997,-0.14554057681132893,-0.02521188305958852,0.6153846153846154,-0.23800105330684734,0.0672485934359299,0.003996003996003996,0.019343483761525556,0.0,0.07142857142857142,0.999000999000999,0.6593406593406594,0.005708577137148565
Causes,qwen25_05b|en,14,1.0,-0.045646817556449344,0.15633064709168654,-0.20197746464813587,0.983016983016983,-0.025055256154155877,-0.020591561402293467,0.5864135864135864,-0.06976538153450981,0.02411856397806047,0.2047952047952048,0.024636110473400228,0.0,0.07142857142857142,0.999000999000999,0.6515706515706516,0.22341295068567799
Causes,qwen25_05b|zh,14,1.0,-0.05241190402635506,0.1412753257534007,-0.19368722977975578,0.978021978021978,-0.0462235492928297,-0.006188354733525359,0.5394605394605395,-0.16748232602827523,0.11507042200192016,0.000999000999000999,0.023091472620575145,0.0,0.07142857142857142,0.999000999000999,0.6107100446723088,0.0015773699984226299
Causes,xglm_564m|en,14,1.0,-0.13511353425149406,0.15279874056331783,-0.28791227481481185,0.999000999000999,-0.07449697667483528,-0.06061655757665878,0.8421578421578422,-0.15943620788882876,0.024322673637334702,0.15784215784215785,0.010612585703207802,0.0,0.0,0.999000999000999,0.8711977677494919,0.18569665628489157
Causes,xglm_564m|zh,14,1.0,-0.07189156384473401,0.14627320091491947,-0.21816476475965346,0.984015984015984,-0.12657585726752066,0.05468429342278665,0.23176823176823177,-0.18784669646433122,0.11595513261959721,0.003996003996003996,0.011471142838338501,0.0,0.0,0.999000999000999,0.33917302209985134,0.005708577137148565
HasA,bloom_560m|en,14,1.0,-0.10244735144078732,0.1358713573829604,-0.23831870882374773,0.987012987012987,0.0660951570675127,-0.16854250850830002,0.916083916083916,-0.1243506865049437,0.021903335064156385,0.1978021978021978,0.008782891344364089,0.0,0.0,0.999000999000999,0.916083916083916,0.21978021978021975
HasA,bloom_560m|zh,14,1.0,0.4969292740736689,0.16738856147254488,0.329540712601124,0.000999000999000999,0.10062437744219258,0.3963048966314763,0.000999000999000999,0.2722120674149194,0.2247172066587495,0.000999000999000999,0.24285710175204142,0.21428571428571427,0.2857142857142857,0.004281432852861424,0.003996003996003996,0.0015773699984226299
HasA,qwen25_05b|en,14,1.0,0.09241931745782495,0.20794275648487293,-0.11552343902704798,0.8791208791208791,0.09111384608578257,0.0013054713720423716,0.48951048951048953,0.02532173044545386,0.06709758701237109,0.012987012987012988,0.07421720524099573,0.0,0.14285714285714285,0.999000999000999,0.5648197955890264,0.016939582156973464
HasA,qwen25_05b|zh,14,1.0,0.27935791068843435,0.21510711151120399,0.06425079917723037,0.24775224775224775,0.11603426397229759,0.16332364671613675,0.023976023976023976,0.12186688147499652,0.15749102921343783,0.000999000999000999,0.171574533305296,0.07142857142857142,0.35714285714285715,0.4645354645354645,0.06224544686083148,0.0015773699984226299
HasA,xglm_564m|en,14,1.0,0.23778049162189877,0.25134050539808056,-0.013560013776181795,0.5824175824175825,0.1167143653727383,0.12106612624916047,0.03496503496503497,0.10887338802052753,0.12890710360137125,0.000999000999000999,0.12583404935741774,0.07142857142857142,0.2857142857142857,0.89032918301211,0.07492507492507493,0.0015773699984226299
HasA,xglm_564m|zh,14,1.0,0.5413666535168886,0.2411235473556067,0.3002431061612819,0.000999000999000999,0.2124291349651562,0.3289375185517324,0.000999000999000999,0.3399291909544013,0.20143746256248735,0.000999000999000999,0.47465033771851795,0.42857142857142855,0.5,0.004281432852861424,0.003996003996003996,0.0015773699984226299
HasProperty,bloom_560m|en,14,1.0,0.3318986694461533,0.19663888991107278,0.13525977953508053,0.12687312687312688,0.319347623473733,0.012551045972420294,0.3826173826173826,0.30877450152646996,0.02312416791968336,0.1918081918081918,0.06392857528260963,0.0,0.21428571428571427,0.29082029082029087,0.4699300699300699,0.2171413492168209
HasProperty,bloom_560m|zh,14,1.0,0.5559922291764191,0.20533566392609737,0.35065656525032174,0.000999000999000999,0.5074853424265175,0.04850688674990156,0.08891108891108891,0.5238736940317908,0.03211853514462826,0.11888111888111888,0.21790119993108736,0.07142857142857142,0.42857142857142855,0.004281432852861424,0.15690192160780397,0.1455687169972884
HasProperty,qwen25_05b|en,14,1.0,0.496561909360545,0.16572676419993954,0.33083514516060547,0.000999000999000999,0.48025964934303816,0.016302260017506842,0.27372627372627373,0.4898098572410111,0.006752052119533891,0.35564435564435565,0.22114377295876123,0.14285714285714285,0.42857142857142855,0.004281432852861424,0.364968364968365,0.3743624796256375
HasProperty,qwen25_05b|zh,14,1.0,0.6223424907241549,0.25051986776474067,0.37182262295941426,0.000999000999000999,0.5220063955129777,0.10033609521117726,0.001998001998001998,0.5410937180037476,0.08124877272040731,0.000999000999000999,0.22937277525786842,0.07142857142857142,0.6428571428571429,0.004281432852861424,0.00666000666000666,0.0015773699984226299
HasProperty,xglm_564m|en,14,1.0,0.6725359771932874,0.2765033463234229,0.3960326308698645,0.000999000999000999,0.6072759264649645,0.06526005072832286,0.000999000999000999,0.6465381551150765,0.025997822078210886,0.011988011988011988,0.21232993197278915,0.07142857142857142,0.7142857142857143,0.004281432852861424,0.003996003996003996,0.015984015984015984
HasProperty,xglm_564m|zh,14,1.0,0.5838508637888091,0.2871596548282147,0.2966912089605944,0.000999000999000999,0.5658937398020967,0.017957123986712453,0.25774225774225773,0.5938041150910514,-0.009953251302242228,0.6423576423576424,0.12214838789567233,0.0,0.35714285714285715,0.004281432852861424,0.35282898919262556,0.653245060024721
IsA,bloom_560m|en,18,1.0,0.0479341521859169,0.020796078797581587,0.027138073388335314,0.4035964035964036,-0.012414652381894977,0.06034880456781188,0.2917082917082917,0.04863592452510238,-0.0007017723391854816,0.4945054945054945,0.026470145025535453,0.0,0.05555555555555555,0.6544806544806544,0.38048907614125005,0.5115574081091323
IsA,bloom_560m|zh,18,1.0,0.352929399555756,0.09665294916899156,0.2562764503867644,0.001998001998001998,-0.046091965954151166,0.39902136550990713,0.000999000999000999,0.20852813419573932,0.14440126536001666,0.000999000999000999,0.3489561417629805,0.2777777777777778,0.4444444444444444,0.007992007992007992,0.003996003996003996,0.0015773699984226299
IsA,qwen25_05b|en,18,1.0,0.2266985024842951,0.15586295755374788,0.07083554493054722,0.23676323676323677,0.07924360006558791,0.14745490241870718,0.08891108891108891,0.20751003420977082,0.01918846827452428,0.1838161838161838,0.08312132809011621,0.05555555555555555,0.16666666666666666,0.4582514259933615,0.15690192160780397,0.21209559671098133
IsA,qwen25_05b|zh,18,1.0,0.250422115644647,0.12691528770651114,0.12350682793813586,0.07992007992007992,-0.05937750557139624,0.30979962121604326,0.001998001998001998,0.0779803915238582,0.1724417241207888,0.000999000999000999,0.24063877336639442,0.1111111111111111,0.3888888888888889,0.199000999000999,0.00666000666000666,0.0015773699984226299
IsA,xglm_564m|en,18,1.0,0.36501863826480174,0.1714977938837809,0.19352084438102085,0.007992007992007992,0.023536064835345066,0.34148257342945665,0.000999000999000999,0.18625600621303823,0.17876263205176351,0.000999000999000999,0.12221792220790799,0.05555555555555555,0.3333333333333333,0.02664002664002664,0.003996003996003996,0.0015773699984226299
IsA,xglm_564m|zh,18,1.0,0.22599152894690633,0.1267573911350173,0.09923413781188903,0.13086913086913088,0.04388398749040769,0.18210754145649863,0.024975024975024976,0.14336144595491282,0.08263008299199351,0.000999000999000999,0.11337905593430525,0.05555555555555555,0.16666666666666666,0.29082029082029087,0.06224544686083148,0.0015773699984226299
PartOf,bloom_560m|en,14,1.0,-0.09064930970115322,0.11726992784838643,-0.20791923754953964,0.957042957042957,0.04201223451289323,-0.13266154421404644,0.8121878121878122,-0.12330521717211931,0.0326559074709661,0.1068931068931069,0.020146668509402676,0.0,0.07142857142857142,0.999000999000999,0.8549345391450656,0.13361638361638362
PartOf,bloom_560m|zh,14,1.0,0.4758674811039652,0.1971265125020795,0.2787409686018857,0.000999000999000999,0.038034409918147376,0.4378330711858178,0.000999000999000999,0.309119893288953,0.1667475878150122,0.000999000999000999,0.28251193216238923,0.21428571428571427,0.42857142857142855,0.004281432852861424,0.003996003996003996,0.0015773699984226299
PartOf,qwen25_05b|en,14,1.0,0.22903402615338564,0.29021767000689735,-0.061183643853511716,0.7622377622377622,0.14561487410360313,0.08341915204978251,0.24475524475524477,0.15718171168060519,0.07185231447278045,0.000999000999000999,0.14759008236969637,0.07142857142857142,0.2857142857142857,0.999000999000999,0.3496503496503497,0.0015773699984226299
PartOf,qwen25_05b|zh,14,1.0,0.3444367242710931,0.2164836768857137,0.1279530473853794,0.03896103896103896,0.00011245691666798496,0.3443242673544251,0.000999000999000999,0.19772104877192556,0.14671567549916756,0.000999000999000999,0.21506123585995304,0.14285714285714285,0.35714285714285715,0.11688311688311688,0.003996003996003996,0.0015773699984226299
PartOf,xglm_564m|en,14,1.0,0.2954146665121828,0.2616030771373839,0.03381158937479889,0.3356643356643357,0.0810872674374985,0.2143273990746843,0.000999000999000999,0.182109944560756,0.1133047219514268,0.000999000999000999,0.17205869833953885,0.07142857142857142,0.2857142857142857,0.5594405594405595,0.003996003996003996,0.0015773699984226299
PartOf,xglm_564m|zh,14,1.0,0.6004737493182931,0.29894285528850945,0.30153089402978367,0.000999000999000999,0.07929262083931592,0.5211811284789772,0.000999000999000999,0.44053072764165585,0.15994302167663726,0.000999000999000999,0.19322715673647348,0.14285714285714285,0.35714285714285715,0.004281432852861424,0.003996003996003996,0.0015773699984226299
SimilarTo,bloom_560m|en,14,1.0,0.028729436653000966,-0.019158305938648743,0.04788774259164971,0.3206793206793207,-0.018258018003286986,0.04698745465628795,0.36563436563436563,0.0038618222908886053,0.02486761436211236,0.2857142857142857,0.08504872683729318,0.07142857142857142,0.07142857142857142,0.5594405594405595,0.46676727527791356,0.30612244897959184
SimilarTo,bloom_560m|zh,14,1.0,0.018739582172461917,-0.06899222028075461,0.08773180245321652,0.14685314685314685,-0.09456165261412224,0.11330123478658416,0.14285714285714285,-0.0940196389045828,0.11275922107704472,0.000999000999000999,0.03154719925198387,0.0,0.14285714285714285,0.3146853146853147,0.22556390977443608,0.0015773699984226299
SimilarTo,qwen25_05b|en,14,1.0,0.10854995443618723,-0.04868391390045125,0.1572338683366385,0.052947052947052944,-0.05392393418400408,0.1624738886201913,0.11788211788211789,-0.027506818529014838,0.13605677296520208,0.000999000999000999,0.16457908313898165,0.14285714285714285,0.21428571428571427,0.14440105349196258,0.19116019116019117,0.0015773699984226299
SimilarTo,qwen25_05b|zh,14,1.0,0.08654555904545955,-0.04546503890877596,0.1320105979542355,0.07792207792207792,-0.09092784909886749,0.17747340814432705,0.03296703296703297,-0.09337020896559754,0.17991576801105708,0.000999000999000999,0.07237032482995469,0.0,0.21428571428571427,0.199000999000999,0.07326007326007326,0.0015773699984226299
SimilarTo,xglm_564m|en,14,1.0,0.03562678835753884,-0.03951559307231764,0.07514238142985648,0.18581418581418582,-0.08852075556974341,0.12414754392728225,0.03896103896103896,-0.14118397972202157,0.17681076807956042,0.000999000999000999,0.056919361202601486,0.0,0.14285714285714285,0.3844431430638327,0.0806090461262875,0.0015773699984226299
SimilarTo,xglm_564m|zh,14,1.0,0.15567921714058944,-0.07734158071040073,0.23302079785099017,0.003996003996003996,-0.024035169751671023,0.17971438689226046,0.016983016983016984,-0.03700203933754177,0.19268125647813122,0.000999000999000999,0.11169693886387598,0.0,0.2857142857142857,0.014103543515308221,0.04852290566576282,0.0015773699984226299
UsedFor,bloom_560m|en,14,1.0,0.005116075975820422,-0.07119188640244686,0.07630796237826729,0.29270729270729273,0.023452473407353215,-0.018336397431532793,0.5974025974025974,0.02851890259068984,-0.023402826614869417,0.7112887112887113,0.02575244479257203,0.0,0.07142857142857142,0.5321950776496231,0.6517119244391971,0.7112887112887113
UsedFor,bloom_560m|zh,14,1.0,0.6012456289359501,0.24337131089621572,0.3578743180397344,0.000999000999000999,0.5063743951382815,0.0948712337976686,0.000999000999000999,0.511301753080583,0.08994387585536712,0.000999000999000999,0.269353623692755,0.21428571428571427,0.35714285714285715,0.004281432852861424,0.003996003996003996,0.0015773699984226299
UsedFor,qwen25_05b|en,14,1.0,0.28282504422324045,0.027046683788591253,0.2557783604346492,0.002997002997002997,0.21084885359276348,0.07197619063047697,0.04595404595404595,0.22489036677604185,0.0579346774471986,0.004995004995004995,0.18083530156865607,0.07142857142857142,0.42857142857142855,0.011238761238761238,0.09087686507041345,0.006969774411634877
UsedFor,qwen25_05b|zh,14,1.0,0.5354578899485725,0.22955218958943807,0.3059057003591344,0.000999000999000999,0.46100569040051775,0.07445219954805471,0.007992007992007992,0.4426306863559543,0.09282720359261815,0.000999000999000999,0.1757901809071519,0.07142857142857142,0.21428571428571427,0.004281432852861424,0.025237919974762078,0.0015773699984226299
UsedFor,xglm_564m|en,14,1.0,0.5678304401891572,0.18564894780695151,0.38218149238220567,0.000999000999000999,0.4545262622771271,0.11330417791203007,0.000999000999000999,0.46331261106819976,0.10451782912095742,0.000999000999000999,0.2626875572924205,0.14285714285714285,0.6428571428571429,0.004281432852861424,0.003996003996003996,0.0015773699984226299
UsedFor,xglm_564m|zh,14,1.0,0.5736879826124225,0.21962319441383032,0.35406478819859216,0.000999000999000999,0.5036197637102492,0.0700682189021733,0.014985014985014986,0.4830320387596637,0.09065594385275877,0.000999000999000999,0.26929626044532884,0.21428571428571427,0.35714285714285715,0.004281432852861424,0.04495504495504496,0.0015773699984226299
