relation,n_pairs,target_reuse_ratio,heldout_anchor_count,systems,heldout_anchor_cross_system_signature_similarity,bootstrap_ci_lo,bootstrap_ci_hi,global_null_mean,global_null_sd,global_effect_over_null,global_z_vs_null,global_permutation_p,region_matched_null_mean,region_matched_null_sd,region_matched_effect_over_null,region_matched_z_vs_null,region_matched_permutation_p,global_fdr_q,region_matched_fdr_q
Antonym,14,1.0,85,6,0.2677234875659148,0.11591030953917653,0.341152632581264,0.5964503672015737,0.05849414220430526,-0.32872687963565894,-5.619825631214473,1.0,0.3292044255130029,0.07705927628204172,-0.06148093794708809,-0.7978395452620662,0.7932067932067932,1.0,0.999000999000999
Associated,15,1.0,85,6,0.38122537521024547,0.20801336285968622,0.49104059939583145,0.5681114789234474,0.055303300283447675,-0.1868861037132019,-3.379293871348526,0.999000999000999,0.4316640416659434,0.05019729883307436,-0.050438666455697945,-1.0048083787023327,0.8371628371628371,1.0,0.999000999000999
AtLocation,14,1.0,85,6,0.4404303322235743,0.28172917138785125,0.4982578152169783,0.5263988380434069,0.07166213274341049,-0.08596850581983262,-1.1996364401775028,0.8721278721278721,0.3738032907035279,0.03453469128335969,0.06662704152004639,1.9292786193849716,0.02197802197802198,1.0,0.1098901098901099
Causes,14,1.0,85,6,0.21626679884890715,0.14980591539827098,0.381185942950348,0.5441236494112681,0.0685158321772977,-0.32785685056236097,-4.785125424937834,1.0,0.3855611346342504,0.04841153949255471,-0.16929433578534325,-3.4969831069177073,1.0,1.0,1.0
HasA,14,1.0,85,6,0.4494678692271312,0.2833908723699278,0.4837455965578556,0.6449107695610573,0.04981781009556676,-0.19544290033392608,-3.92315318475467,0.997002997002997,0.5295777054261669,0.060751554927678954,-0.08010983619903567,-1.3186466798158758,0.8991008991008991,1.0,0.999000999000999
HasProperty,14,1.0,85,6,0.7248704592386882,0.6099432718257108,0.7343694248795509,0.5428833881923308,0.052521665398142625,0.18198707104635736,3.464990488530723,0.000999000999000999,0.7082207481404146,0.010043311290213684,0.016649711098273623,1.6577910031024619,0.05194805194805195,0.00999000999000999,0.17316017316017318
IsA,18,1.0,85,6,0.5271309574445089,0.3334229712374508,0.5697870346903801,0.5432834473862779,0.07221752823291376,-0.016152489941768988,-0.22366439750851722,0.6053946053946054,0.3395904549675394,0.06501568232747489,0.18754050247696946,2.884542555938338,0.003996003996003996,1.0,0.03996003996003996
PartOf,14,1.0,85,6,0.48372817238171895,0.2788360905681232,0.5390679070850213,0.5170148418183517,0.054606227953776,-0.03328666943663272,-0.6095764289891948,0.7282717282717283,0.40566470940635385,0.05943217219025071,0.0780634629753651,1.3134883026902167,0.0899100899100899,1.0,0.22477522477522477
SimilarTo,14,1.0,85,6,0.20990258306264878,0.08477980374979475,0.3333325506374239,0.3906746679583816,0.0753017350371095,-0.18077208489573285,-2.400636383831613,0.996003996003996,0.2740535149162596,0.06039363668172026,-0.06415093185361084,-1.062213428075078,0.8501498501498501,1.0,0.999000999000999
UsedFor,14,1.0,85,6,0.6084521323442459,0.4285093464764456,0.6444207629561423,0.5087378872707321,0.06671869690917645,0.09971424507351379,1.494547251263823,0.06493506493506493,0.6270403795570134,0.02632973224361705,-0.018588247212767528,-0.7059793483951496,0.7422577422577422,0.3246753246753247,0.999000999000999
