system_a,system_b,raw_spearman,partial_spearman,retained_fraction,permutation_p,z_vs_null,max_surface_rho_a,max_surface_rho_b
bloom_560m|zh,qwen25_05b|zh,0.4475893965271984,0.44840730240106363,1.0018273575741767,0.0004997501249375312,26.09278605056832,0.37632536910258113,0.2847358106771567
qwen25_05b|zh,xglm_564m|zh,0.397080232899406,0.34460794703728703,0.8678547016078435,0.0004997501249375312,20.55819546482425,0.2847358106771567,0.3063666614620561
qwen25_05b|en,xglm_564m|en,0.310852731635419,0.28851774254231755,0.9281492912235468,0.0004997501249375312,17.67340017944856,0.07472032210445051,0.4213388061825567
bloom_560m|en,bloom_560m|zh,0.188563354686269,0.2435709509461486,1.2917194401393688,0.0004997501249375312,14.345774218443628,0.13003607577164977,0.37632536910258113
bloom_560m|en,qwen25_05b|zh,0.15713128596212417,0.18451751277136183,1.1742888225062893,0.0004997501249375312,10.750065275967653,0.13003607577164977,0.2847358106771567
bloom_560m|zh,xglm_564m|zh,0.24829999761872765,0.18284256212464242,0.7363776233514221,0.0004997501249375312,10.642211248296324,0.37632536910258113,0.3063666614620561
qwen25_05b|zh,xglm_564m|en,0.1956583999462594,0.17995145395317813,0.9197226083960851,0.0004997501249375312,10.785607068007938,0.2847358106771567,0.4213388061825567
bloom_560m|zh,qwen25_05b|en,0.1670198303384507,0.16569859430675557,0.99208934634278,0.0004997501249375312,10.069915368049013,0.37632536910258113,0.07472032210445051
bloom_560m|zh,xglm_564m|en,0.1423444352228015,0.13590767177171595,0.9547803646766343,0.0004997501249375312,8.216007229419493,0.37632536910258113,0.4213388061825567
qwen25_05b|en,qwen25_05b|zh,0.1558151169747767,0.1222220170057357,0.7844041026232452,0.0004997501249375312,7.3801119915103675,0.07472032210445051,0.2847358106771567
bloom_560m|en,qwen25_05b|en,0.10994066321056763,0.11848699023029896,1.0777358146672509,0.0004997501249375312,6.99419285177004,0.13003607577164977,0.07472032210445051
bloom_560m|en,xglm_564m|en,0.08773175261366224,0.11735355702554433,1.3376406321474668,0.0004997501249375312,7.177532966971115,0.13003607577164977,0.4213388061825567
xglm_564m|en,xglm_564m|zh,0.10398103540958006,0.1145098936258689,1.1012574857984034,0.0004997501249375312,6.825681087945748,0.4213388061825567,0.3063666614620561
qwen25_05b|en,xglm_564m|zh,0.10218906942242845,0.08318158404913312,0.8139968836126462,0.0004997501249375312,4.945427688926021,0.07472032210445051,0.3063666614620561
bloom_560m|en,xglm_564m|zh,0.02946808631948353,0.05351504895594305,1.8160340775356116,0.0004997501249375312,3.2006357385290047,0.13003607577164977,0.3063666614620561
