relation,all_pairs_cross_system_similarity,min_pairwise_similarity,max_pairwise_similarity
Antonym,0.11704760988553366,-0.22913344204425812,0.7167250514030457
Associated,0.1857440561056137,-0.15957801043987274,0.4455624520778656
AtLocation,0.2918496787548065,-0.036158107221126556,0.8013954758644104
Causes,0.10443857392917076,-0.16145923733711243,0.5316085815429688
HasA,0.2399916650727391,-0.004715568386018276,0.5656562447547913
HasProperty,0.3899795358379682,-0.034054338932037354,0.700623095035553
IsA,0.4512495438257853,0.2037937045097351,0.8231901526451111
PartOf,0.23825426721790186,-0.1259211152791977,0.5648101568222046
SimilarTo,0.15343765454987685,-0.034945886582136154,0.4107147455215454
UsedFor,0.3936470051606496,0.1793430894613266,0.7514692544937134
