system_a,system_b,selection_spearman_rho
bloom_560m|en,bloom_560m|zh,0.07675509004776004
bloom_560m|en,qwen25_05b|en,0.21923904487995724
bloom_560m|en,qwen25_05b|zh,0.006123351325663121
bloom_560m|en,xglm_564m|en,0.13371896439836842
bloom_560m|en,xglm_564m|zh,-0.05548847946242582
bloom_560m|zh,qwen25_05b|en,0.18901378255800774
bloom_560m|zh,qwen25_05b|zh,0.39120353190288587
bloom_560m|zh,xglm_564m|en,0.11822810388725358
bloom_560m|zh,xglm_564m|zh,0.26656527605697705
qwen25_05b|en,qwen25_05b|zh,0.25137531073803626
qwen25_05b|en,xglm_564m|en,0.23377086555215273
qwen25_05b|en,xglm_564m|zh,0.09019575614796489
qwen25_05b|zh,xglm_564m|en,0.20491530346624992
qwen25_05b|zh,xglm_564m|zh,0.29012341578698236
xglm_564m|en,xglm_564m|zh,0.18034023082898246
