concept_id,region,split
animal,living,selection
mammal,living,selection
dog,living,selection
wolf,living,evaluation
cat,living,selection
bird,living,evaluation
fish,living,selection
whale,living,evaluation
dolphin,living,evaluation
horse,living,selection
elephant,living,selection
mouse,living,selection
cheetah,living,selection
turtle,living,selection
plant,living,selection
tree,living,evaluation
flower,living,selection
leaf,living,evaluation
branch,living,selection
petal,living,evaluation
forest,nature,selection
water,nature,selection
ocean,nature,selection
sea,nature,evaluation
river,nature,selection
stream,nature,evaluation
mountain,nature,selection
sky,nature,selection
rain,nature,evaluation
snow,nature,selection
ice,nature,evaluation
fire,physical,selection
smoke,physical,selection
heat,physical,selection
cold,physical,evaluation
hot,property,selection
wet,property,selection
bright,property,evaluation
dark,property,selection
light,physical,evaluation
darkness,abstract,selection
sun,physical,selection
moon,physical,selection
star,physical,selection
planet,physical,evaluation
earth,physical,evaluation
energy,physical,selection
matter,physical,selection
gravity,physical,selection
object,artifact,evaluation
device,artifact,evaluation
machine,artifact,selection
vehicle,artifact,selection
car,artifact,evaluation
bicycle,artifact,selection
boat,artifact,evaluation
wheel,artifact,evaluation
engine,artifact,selection
house,artifact,evaluation
room,artifact,selection
door,artifact,selection
window,artifact,evaluation
chair,artifact,selection
table,artifact,selection
bed,artifact,selection
knife,artifact,evaluation
hammer,artifact,selection
bridge,artifact,evaluation
road,place,evaluation
computer,artifact,selection
phone,artifact,selection
camera,artifact,selection
book,artifact,selection
page,artifact,evaluation
pen,artifact,selection
key,artifact,evaluation
lock,artifact,evaluation
cup,artifact,evaluation
bottle,artifact,selection
stove,artifact,selection
hand,body,evaluation
finger,body,selection
body,body,selection
wing,body,evaluation
person,social,selection
child,social,selection
adult,social,selection
mother,social,evaluation
father,social,selection
family,social,selection
friend,social,selection
teacher,social,evaluation
student,social,evaluation
doctor,social,selection
patient,social,evaluation
place,abstract,evaluation
city,social,selection
town,social,selection
country,social,evaluation
government,social,selection
law,abstract_social,selection
justice,abstract_social,evaluation
freedom,abstract_social,selection
democracy,abstract_social,evaluation
war,event,evaluation
peace,abstract_social,selection
conflict,event,selection
money,social,selection
market,social,evaluation
school,place,selection
hospital,place,selection
library,place,evaluation
bank,place,evaluation
eat,action,evaluation
drink,action,selection
sleep,action,evaluation
wake,action,evaluation
run,action,evaluation
walk,action,selection
cut,action,evaluation
cook,action,evaluation
write,action,selection
read,action,selection
learn,action,selection
teach,action,selection
study,action,selection
buy,action,selection
sell,action,selection
open,action,evaluation
close,action,evaluation
fall,event,selection
break,action,selection
repair,action,evaluation
exercise,action,selection
sweat,event,selection
travel,action,selection
cross,action,selection
sit,action,selection
communicate,action,selection
record,action,evaluation
injury,event,evaluation
rest,action,selection
love,emotion,selection
hate,emotion,evaluation
joy,emotion,selection
sadness,emotion,evaluation
fear,emotion,selection
anger,emotion,selection
anxiety,emotion,selection
rage,emotion,evaluation
affection,emotion,selection
belief,mind,evaluation
memory,mind,selection
attention,mind,evaluation
desire,mind,selection
knowledge,mind,selection
idea,mind,selection
language,communication,selection
word,communication,evaluation
story,communication,selection
music,communication,evaluation
number,math,evaluation
time,abstract,selection
cause,abstract,evaluation
effect,abstract,selection
truth,abstract,evaluation
falsehood,abstract,selection
good,abstract,evaluation
bad,abstract,selection
big,property,selection
small,property,evaluation
fast,property,evaluation
slow,property,selection
high,property,evaluation
tool,artifact,selection
furniture,artifact,selection
building,artifact,selection
clothing,artifact,evaluation
instrument,artifact,evaluation
shirt,artifact,selection
shoe,artifact,evaluation
guitar,artifact,selection
roof,artifact,selection
keyboard,artifact,selection
liquid,physical,evaluation
metal,physical,selection
iron,physical,evaluation
thunder,nature,evaluation
insect,living,evaluation
reptile,living,selection
fruit,living,selection
bee,living,evaluation
snake,living,selection
apple,living,selection
root,living,evaluation
feather,living,evaluation
emotion,emotion,evaluation
profession,social,selection
nurse,social,evaluation
soldier,social,evaluation
heart,body,selection
bone,body,selection
leg,body,evaluation
kitchen,place,selection
park,place,selection
factory,place,selection
pain,event,selection
soft,property,selection
hard,property,selection
loud,property,evaluation
sweet,property,selection
deep,property,evaluation
