relation,system_a,system_b,matched_mean,mismatched_mean,correspondence_effect
Antonym,qwen25_05b|en,qwen25_05b|zh,0.5350353121757507,0.04184766486287117,0.49318764731287956
Antonym,qwen25_05b|en,xglm_564m|en,0.5772207975387573,0.032307375222444534,0.5449134223163128
Antonym,qwen25_05b|en,xglm_564m|zh,0.42352792620658875,0.03987966850399971,0.38364825770258904
Antonym,qwen25_05b|zh,xglm_564m|en,0.4791954457759857,0.034421369433403015,0.4447740763425827
Antonym,qwen25_05b|zh,xglm_564m|zh,0.53135746717453,0.04638141766190529,0.48497604951262474
Antonym,xglm_564m|en,xglm_564m|zh,0.47765296697616577,0.034366391599178314,0.44328657537698746
Associated,qwen25_05b|en,qwen25_05b|zh,0.5836454629898071,-0.002763542113825679,0.5864090051036328
Associated,qwen25_05b|en,xglm_564m|en,0.5989837646484375,0.018307873979210854,0.5806758906692266
Associated,qwen25_05b|en,xglm_564m|zh,0.4624892771244049,-0.0007109650759957731,0.4632002422004007
Associated,qwen25_05b|zh,xglm_564m|en,0.6112997531890869,0.01880165934562683,0.5924980938434601
Associated,qwen25_05b|zh,xglm_564m|zh,0.6907262206077576,-0.01327416580170393,0.7040003864094615
Associated,xglm_564m|en,xglm_564m|zh,0.5621611475944519,0.012352289631962776,0.5498088579624891
AtLocation,qwen25_05b|en,qwen25_05b|zh,0.43721988797187805,0.0594019889831543,0.37781789898872375
AtLocation,qwen25_05b|en,xglm_564m|en,0.5382859110832214,0.05953759327530861,0.4787483178079128
AtLocation,qwen25_05b|en,xglm_564m|zh,0.37920427322387695,0.06275144219398499,0.31645283102989197
AtLocation,qwen25_05b|zh,xglm_564m|en,0.5209423899650574,0.10416087508201599,0.4167815148830414
AtLocation,qwen25_05b|zh,xglm_564m|zh,0.5948684811592102,0.1582888960838318,0.4365795850753784
AtLocation,xglm_564m|en,xglm_564m|zh,0.4671042263507843,0.11011292040348053,0.35699130594730377
Causes,qwen25_05b|en,qwen25_05b|zh,0.48756417632102966,-0.008550329133868217,0.4961145054548979
Causes,qwen25_05b|en,xglm_564m|en,0.4839056432247162,-0.015196609310805798,0.499102252535522
Causes,qwen25_05b|en,xglm_564m|zh,0.3616955280303955,-0.012929169461131096,0.3746246974915266
Causes,qwen25_05b|zh,xglm_564m|en,0.49367672204971313,-0.014895565807819366,0.5085722878575325
Causes,qwen25_05b|zh,xglm_564m|zh,0.5689302086830139,-0.015777071937918663,0.5847072806209326
Causes,xglm_564m|en,xglm_564m|zh,0.4467032253742218,-0.014302801340818405,0.4610060267150402
HasA,qwen25_05b|en,qwen25_05b|zh,0.5559512972831726,0.06541957706212997,0.49053172022104263
HasA,qwen25_05b|en,xglm_564m|en,0.6201567649841309,0.057913582772016525,0.5622431822121143
HasA,qwen25_05b|en,xglm_564m|zh,0.4007398188114166,0.0811130553483963,0.3196267634630203
HasA,qwen25_05b|zh,xglm_564m|en,0.5218239426612854,0.08671155571937561,0.4351123869419098
HasA,qwen25_05b|zh,xglm_564m|zh,0.5999311804771423,0.13916105031967163,0.4607701301574707
HasA,xglm_564m|en,xglm_564m|zh,0.45814821124076843,0.11863067001104355,0.3395175412297249
HasProperty,qwen25_05b|en,qwen25_05b|zh,0.5817817449569702,0.28846436738967896,0.29331737756729126
HasProperty,qwen25_05b|en,xglm_564m|en,0.6732748746871948,0.32706186175346375,0.3462130129337311
HasProperty,qwen25_05b|en,xglm_564m|zh,0.5143607258796692,0.2654363512992859,0.2489243745803833
HasProperty,qwen25_05b|zh,xglm_564m|en,0.6635230779647827,0.38407647609710693,0.2794466018676758
HasProperty,qwen25_05b|zh,xglm_564m|zh,0.7145536541938782,0.34626659750938416,0.368287056684494
HasProperty,xglm_564m|en,xglm_564m|zh,0.6237656474113464,0.3467380702495575,0.27702757716178894
IsA,qwen25_05b|en,qwen25_05b|zh,0.4009944200515747,0.058790773153305054,0.34220364689826965
IsA,qwen25_05b|en,xglm_564m|en,0.5061022639274597,0.09995784610509872,0.406144417822361
IsA,qwen25_05b|en,xglm_564m|zh,0.3333994448184967,0.0626666471362114,0.2707327976822853
IsA,qwen25_05b|zh,xglm_564m|en,0.457125723361969,0.09720692038536072,0.3599188029766083
IsA,qwen25_05b|zh,xglm_564m|zh,0.5539770126342773,0.06988172978162766,0.4840952828526497
IsA,xglm_564m|en,xglm_564m|zh,0.4502854347229004,0.0992635190486908,0.3510219156742096
PartOf,qwen25_05b|en,qwen25_05b|zh,0.5734735727310181,0.07573071122169495,0.4977428615093231
PartOf,qwen25_05b|en,xglm_564m|en,0.6287304759025574,0.08430494368076324,0.5444255322217941
PartOf,qwen25_05b|en,xglm_564m|zh,0.4025745093822479,0.10186680406332016,0.30070770531892776
PartOf,qwen25_05b|zh,xglm_564m|en,0.5419763326644897,0.09508847445249557,0.44688785821199417
PartOf,qwen25_05b|zh,xglm_564m|zh,0.5779566168785095,0.16406665742397308,0.41388995945453644
PartOf,xglm_564m|en,xglm_564m|zh,0.43042200803756714,0.1250634491443634,0.30535855889320374
SimilarTo,qwen25_05b|en,qwen25_05b|zh,0.47357460856437683,0.0016959727508947253,0.4718786358134821
SimilarTo,qwen25_05b|en,xglm_564m|en,0.5188574194908142,0.002448591636493802,0.5164088278543204
SimilarTo,qwen25_05b|en,xglm_564m|zh,0.38261985778808594,0.022126121446490288,0.36049373634159565
SimilarTo,qwen25_05b|zh,xglm_564m|en,0.4301159679889679,0.007018095348030329,0.42309787264093757
SimilarTo,qwen25_05b|zh,xglm_564m|zh,0.4579986035823822,0.003426596289500594,0.4545720072928816
SimilarTo,xglm_564m|en,xglm_564m|zh,0.39178013801574707,-0.020061159506440163,0.41184129752218723
UsedFor,qwen25_05b|en,qwen25_05b|zh,0.529148519039154,0.1809409260749817,0.34820759296417236
UsedFor,qwen25_05b|en,xglm_564m|en,0.6150417923927307,0.1867733895778656,0.4282684028148651
UsedFor,qwen25_05b|en,xglm_564m|zh,0.4584859311580658,0.17729556560516357,0.2811903655529022
UsedFor,qwen25_05b|zh,xglm_564m|en,0.5906658172607422,0.2975950241088867,0.29307079315185547
UsedFor,qwen25_05b|zh,xglm_564m|zh,0.6998380422592163,0.317356675863266,0.3824813663959503
UsedFor,xglm_564m|en,xglm_564m|zh,0.5475159287452698,0.282829612493515,0.26468631625175476
