system_a,system_b,heldout_spearman_rho,null_mean,null_sd,effect_over_null,z_vs_null,permutation_p,bootstrap_ci_lo,bootstrap_ci_hi,fdr_q
bloom_3b|en,bloom_3b|zh,0.18925128028837374,-0.0002985505427590644,0.0163183144377574,0.1895498308311328,11.61577266782845,0.000999000999000999,0.15889415483229014,0.21870349040389084,0.000999000999000999
bloom_3b|en,qwen25_3b|en,0.46873030399803706,0.0007229151400509296,0.01698738645356944,0.46800738885798615,27.55028798203664,0.000999000999000999,0.43900360208330375,0.4963093538557428,0.000999000999000999
bloom_3b|en,qwen25_3b|zh,0.159741096948311,0.000918579863567398,0.016559120535915763,0.15882251708474363,9.591241077101099,0.000999000999000999,0.12695271328200364,0.19168242066193597,0.000999000999000999
bloom_3b|en,xglm_29b|en,0.2832502825989409,0.00039531480898812065,0.0171762998224606,0.2828549677899528,16.46774746095648,0.000999000999000999,0.2507089737126008,0.31370912974296694,0.000999000999000999
bloom_3b|en,xglm_29b|zh,0.16776963121636926,-0.00045248825834305,0.016223782367636826,0.1682221194747123,10.36885947202309,0.000999000999000999,0.1369864227362932,0.20026420956042343,0.000999000999000999
bloom_3b|zh,qwen25_3b|en,0.3513086326087611,-0.0004618329401526433,0.01666984400644667,0.3517704655489137,21.10220500041121,0.000999000999000999,0.32306235164352815,0.37907249229849477,0.000999000999000999
bloom_3b|zh,qwen25_3b|zh,0.6717891691282962,-0.0008102526494118768,0.0164623534848349,0.6725994217777082,40.85682052674339,0.000999000999000999,0.6511593932304445,0.6932797053247998,0.000999000999000999
bloom_3b|zh,xglm_29b|en,0.3956554421004438,0.0009482784155340053,0.016578967659144656,0.39470716368490977,23.80770454469139,0.000999000999000999,0.36615221401848497,0.4245902524273397,0.000999000999000999
bloom_3b|zh,xglm_29b|zh,0.5761522852506611,0.00032489374308888554,0.017081381862462088,0.5758273915075722,33.710820128259414,0.000999000999000999,0.5519250931778552,0.5983560485571708,0.000999000999000999
qwen25_3b|en,qwen25_3b|zh,0.40947042750645557,0.000558096814136806,0.017251817333635355,0.40891233069231875,23.7025655201597,0.000999000999000999,0.3814923887642094,0.43716409883125856,0.000999000999000999
qwen25_3b|en,xglm_29b|en,0.5113744043087766,-3.567490312670532e-05,0.016795181862250666,0.5114100792119033,30.44980896344822,0.000999000999000999,0.48577781145261867,0.536124340220661,0.000999000999000999
qwen25_3b|en,xglm_29b|zh,0.34359265782969234,-0.001472896518168517,0.01639919013810128,0.34506555434786085,21.041621655824827,0.000999000999000999,0.3141575273705538,0.3734014443839213,0.000999000999000999
qwen25_3b|zh,xglm_29b|en,0.447265921153406,0.00044020075252777004,0.01712770352285104,0.44682572040087826,26.087894375608656,0.000999000999000999,0.4171564887560158,0.474752373360447,0.000999000999000999
qwen25_3b|zh,xglm_29b|zh,0.592574709773534,0.0008675062883903287,0.01709701145497943,0.5917072034851437,34.608808974787905,0.000999000999000999,0.5689966272011775,0.6156829827916445,0.000999000999000999
xglm_29b|en,xglm_29b|zh,0.40949426989999665,0.0004180307752854531,0.016643011360925657,0.4090762391247112,24.579460426563035,0.000999000999000999,0.38064808870098804,0.4353559648139084,0.000999000999000999
