concept_id,en,zh,region
democracy,democracy,民主,loaded
censorship,censorship,审查,loaded
capitalism,capitalism,资本主义,loaded
socialism,socialism,社会主义,loaded
communism,communism,共产主义,loaded
protest,protest,抗议,loaded
dissent,dissent,异议,loaded
revolution,revolution,革命,loaded
freedom,freedom,自由,loaded
authority,authority,权威,loaded
surveillance,surveillance,监控,loaded
propaganda,propaganda,宣传,loaded
sovereignty,sovereignty,主权,loaded
harmony,harmony,和谐,loaded
stability,stability,稳定,loaded
patriotism,patriotism,爱国主义,loaded
christianity,christianity,基督教,loaded
buddhism,buddhism,佛教,loaded
atheism,atheism,无神论,loaded
tradition,tradition,传统,loaded
individual,individual,个人,loaded
collective,collective,集体,loaded
market,market,市场,loaded
sun,sun,太阳,neutral
water,water,水,neutral
tree,tree,树,neutral
stone,stone,石头,neutral
bird,bird,鸟,neutral
river,river,河,neutral
mountain,mountain,山,neutral
bread,bread,面包,neutral
chair,chair,椅子,neutral
road,road,路,neutral
cloud,cloud,云,neutral
fish,fish,鱼,neutral
salt,salt,盐,neutral
glass,glass,玻璃,neutral
wood,wood,木头,neutral
iron,iron,铁,neutral
rain,rain,雨,neutral
