model,relative_layer,en_layer,zh_layer,selection_rdm_spearman,heldout_rdm_spearman
bloom_560m,0.0,0,0,0.09590869592668094,0.06942321979978838
bloom_560m,0.041666666666666664,1,1,0.17436741589680058,0.2520056888399654
bloom_560m,0.08333333333333333,2,2,0.2155405832908943,0.1991504121163867
bloom_560m,0.125,3,3,0.2735178637610705,0.21409677238049915
bloom_560m,0.16666666666666666,4,4,0.2937883134819493,0.13049235905780235
bloom_560m,0.20833333333333334,5,5,0.27189437655888377,0.0078925351753484
bloom_560m,0.25,6,6,0.28497401441493786,0.01595899300952569
bloom_560m,0.2916666666666667,7,7,0.2931455466901031,0.018407151523501444
bloom_560m,0.3333333333333333,8,8,0.2939183578066209,0.017075290217242398
bloom_560m,0.375,9,9,0.2946289895940377,0.02013099609925492
bloom_560m,0.4166666666666667,10,10,0.29163284289005914,0.023094639896298497
bloom_560m,0.4583333333333333,11,11,0.2928040779112862,0.02379540357476834
bloom_560m,0.5,12,12,0.2894641994883303,0.026117726854519144
bloom_560m,0.5416666666666666,13,13,0.2850863897135494,0.026289015008422588
bloom_560m,0.5833333333333334,14,14,0.2803040098486802,0.013483776643271581
bloom_560m,0.625,15,15,0.27759025510601004,0.013515353311622392
bloom_560m,0.6666666666666666,16,16,0.2693465658547523,0.013842787388466983
bloom_560m,0.7083333333333334,17,17,0.26416527585679045,0.013267435802613947
bloom_560m,0.75,18,18,0.2583819773280425,0.013863944817350983
bloom_560m,0.7916666666666666,19,19,0.25180036792794197,0.01658396317586963
bloom_560m,0.8333333333333334,20,20,0.25102968870762,0.019490144412273383
bloom_560m,0.875,21,21,0.24986543126083605,0.018689990110670632
bloom_560m,0.9166666666666666,22,22,0.18881740878437286,0.009743554445081615
bloom_560m,0.9583333333333334,23,23,0.13233836004589114,0.07004809341952119
bloom_560m,1.0,24,24,0.07675509004776004,0.188563354686269
qwen25_05b,0.0,0,0,0.08763738065619953,0.09032887274881442
qwen25_05b,0.041666666666666664,1,1,0.37417207179746,0.38858163964731696
qwen25_05b,0.08333333333333333,2,2,0.387489259830754,0.32974944274836887
qwen25_05b,0.125,3,3,0.22254519881049378,0.06594499937969145
qwen25_05b,0.16666666666666666,4,4,0.18648093557285653,0.0690426310871851
qwen25_05b,0.20833333333333334,5,5,0.1964287710053075,0.06215109666008981
qwen25_05b,0.25,6,6,0.19071191902998527,0.05427029997083301
qwen25_05b,0.2916666666666667,7,7,0.19879310707230655,0.054653388384986165
qwen25_05b,0.3333333333333333,8,8,0.20216353824811506,0.05612666233784894
qwen25_05b,0.375,9,9,0.2016064801618749,0.05721894275268173
qwen25_05b,0.4166666666666667,10,10,0.20360121494442296,0.051189296759496745
qwen25_05b,0.4583333333333333,11,11,0.20366093415284883,0.05177963850019642
qwen25_05b,0.5,12,12,0.2034304692706707,0.04982870384188604
qwen25_05b,0.5416666666666666,13,13,0.20423429563422768,0.04509122457138501
qwen25_05b,0.5833333333333334,14,14,0.20814975243597705,0.040148448956444295
qwen25_05b,0.625,15,15,0.20818444007668138,0.039871053606150515
qwen25_05b,0.6666666666666666,16,16,0.20959111685805148,0.031221753984703993
qwen25_05b,0.7083333333333334,17,17,0.20663558626350725,0.02996983182100838
qwen25_05b,0.75,18,18,0.20529821542218055,0.02472816043325293
qwen25_05b,0.7916666666666666,19,19,0.20258892696195024,0.023407618311255183
qwen25_05b,0.8333333333333334,20,20,0.19360881750169964,0.026143076271516793
qwen25_05b,0.875,21,21,0.19248826844506356,0.026302179074241306
qwen25_05b,0.9166666666666666,22,22,0.26616557212313985,0.06471452470213428
qwen25_05b,0.9583333333333334,23,23,0.3280702561982351,0.27633897316512485
qwen25_05b,1.0,24,24,0.25137531073803626,0.1558151169747767
xglm_564m,0.0,0,0,0.26349938742458345,0.24297498947367627
xglm_564m,0.041666666666666664,1,1,0.16660568366395426,0.0719140570157402
xglm_564m,0.08333333333333333,2,2,0.17802756544988482,0.041686683114081934
xglm_564m,0.125,3,3,0.2020587298695065,0.05351725648110301
xglm_564m,0.16666666666666666,4,4,0.21432328093387518,0.07615417759248275
xglm_564m,0.20833333333333334,5,5,0.21569725926933653,0.08011768928341094
xglm_564m,0.25,6,6,0.22748810583820003,0.08953987278792046
xglm_564m,0.2916666666666667,7,7,0.2283200983295095,0.10460924012032384
xglm_564m,0.3333333333333333,8,8,0.23585527221887836,0.11817201210632795
xglm_564m,0.375,9,9,0.242931218070155,0.135410856484537
xglm_564m,0.4166666666666667,10,10,0.23938376552538315,0.15537941160747548
xglm_564m,0.4583333333333333,11,11,0.2468172791649598,0.17165727427980537
xglm_564m,0.5,12,12,0.24685175566075293,0.1912296738384376
xglm_564m,0.5416666666666666,13,13,0.2609890232452855,0.22674911699922096
xglm_564m,0.5833333333333334,14,14,0.2671534345758725,0.24878479969545642
xglm_564m,0.625,15,15,0.2643019741982241,0.2569732727671027
xglm_564m,0.6666666666666666,16,16,0.2647443330705701,0.27265671207449205
xglm_564m,0.7083333333333334,17,17,0.2615414218782444,0.25106323719822426
xglm_564m,0.75,18,18,0.23292304147780507,0.18744047105899886
xglm_564m,0.7916666666666666,19,19,0.23409369957753778,0.17823441272292007
xglm_564m,0.8333333333333334,20,20,0.19272085766632605,0.1276578721052781
xglm_564m,0.875,21,21,0.16879074001476926,0.1101701284266002
xglm_564m,0.9166666666666666,22,22,0.13950871355466524,0.09018406068137859
xglm_564m,0.9583333333333334,23,23,0.11396130086002546,0.06277770004718615
xglm_564m,1.0,24,24,0.1448345731491455,0.06028688555412119
