min_layer,layers_chosen,mean_rho,min_rho,max_rho,pairs_surviving_fdr,n_pairs,mean_knn_jaccard
0,"3,3,2,2,0,11",0.27339411230385463,0.07494439101617414,0.4316947828690593,14,15,0.20949257910251617
2,"24,24,24,24,12,24",0.1895776925858103,0.02946808631948353,0.4475893965271984,10,15,0.14021411538124084
4,"24,24,24,24,12,24",0.1895776925858103,0.02946808631948353,0.4475893965271984,10,15,0.14021411538124084
6,"24,24,24,24,12,24",0.1895776925858103,0.02946808631948353,0.4475893965271984,10,15,0.14021411538124084
8,"24,24,24,24,12,24",0.1895776925858103,0.02946808631948353,0.4475893965271984,10,15,0.14021411538124084
10,"24,24,24,24,12,24",0.1895776925858103,0.02946808631948353,0.4475893965271984,10,15,0.14021411538124084
12,"24,24,24,24,12,24",0.1895776925858103,0.02946808631948353,0.4475893965271984,10,15,0.14021411538124084
14,"24,24,24,24,17,24",0.19953246321771928,0.02946808631948353,0.4475893965271984,12,15,0.14484359323978424
16,"24,24,24,24,17,24",0.19953246321771928,0.02946808631948353,0.4475893965271984,12,15,0.14484359323978424
18,"24,24,24,24,18,24",0.19998195595031934,0.02946808631948353,0.4475893965271984,12,15,0.14413850009441376
20,"24,24,24,24,20,24",0.1974944685652149,0.02946808631948353,0.4475893965271984,12,15,0.14258509874343872
22,"24,24,24,24,24,24",0.18663965454956324,0.02946808631948353,0.4475893965271984,11,15,0.13980349898338318
24,"24,24,24,24,24,24",0.18663965454956324,0.02946808631948353,0.4475893965271984,11,15,0.13980349898338318
